Workbook

Sheet Consumidores Inadimplentes
A2: Indicador Serasa Experian de Inadimplência do Consumidor | K2: Por Faixa Etária (milhões)
A3: Mês | B3: Consumidores Inadimplentes (milhões) | C3: Dívidas Negativadas (milhões) | D3: Dívidas Negativadas (R$ bilhões) | E3: Dívida Média (por CPF) | F3: Dívida Média (R$) | G3: Ticket Médio (R$) | H3: % da População Adulta | I3: Gênero (milhões) F M | K3: Até 25 anos | L3: 26 - 40 anos | M3: 41 - 60 anos | N3: acima de 60 anos
A4: 42370 | B4: n.d. | C4: n.d. | D4: n.d. | E4: n.d. | F4: n.d. | G4: n.d. | H4: n.d. | I4: n.d. | J4: n.d. | K4: n.d. | L4: n.d. | M4: n.d. | N4: n.d.
A5: 42401 | B5: n.d. | C5: n.d. | D5: n.d. | E5: n.d. | F5: n.d. | G5: n.d. | H5: n.d. | I5: n.d. | J5: n.d. | K5: n.d. | L5: n.d. | M5: n.d. | N5: n.d.
A6: 42430 | B6: 59.190914 | C6: 231.328 | D6: 214.55408 | E6: =C6/B6 -> 3.9081674 | F6: =1000*D6/B6 -> 3624.7806 | G6: =F6/E6 -> 927.48857 | H6: n.d. | I6: n.d. | J6: n.d. | K6: n.d. | L6: n.d. | M6: n.d. | N6: n.d.
A7: 42461 | B7: 59.735 | C7: 233.427 | D7: 224.57353 | E7: =C7/B7 -> 3.907709 | F7: =1000*D7/B7 -> 3759.4966 | G7: =F7/E7 -> 962.07177 | H7: n.d. | I7: n.d. | J7: n.d. | K7: n.d. | L7: n.d. | M7: n.d. | N7: n.d.
A8: 42491 | B8: 58.889 | C8: 228.928 | D8: 225.06923 | E8: =C8/B8 -> 3.8874493 | F8: =1000*D8/B8 -> 3821.9231 | G8: =F8/E8 -> 983.14417 | H8: n.d. | I8: n.d. | J8: n.d. | K8: n.d. | L8: n.d. | M8: n.d. | N8: n.d.
A9: 42522 | B9: 59.072 | C9: 229.393 | D9: 224.76835 | E9: =C9/B9 -> 3.883278 | F9: =1000*D9/B9 -> 3804.9896 | G9: =F9/E9 -> 979.83961 | H9: n.d. | I9: n.d. | J9: n.d. | K9: n.d. | L9: n.d. | M9: n.d. | N9: n.d.
A10: 42552 | B10: 58.746 | C10: 227.049 | D10: 224.66243 | E10: =C10/B10 -> 3.864927 | F10: =1000*D10/B10 -> 3824.3017 | G10: =F10/E10 -> 989.48875 | H10: n.d. | I10: n.d. | J10: n.d. | K10: n.d. | L10: n.d. | M10: n.d. | N10: n.d.
A11: 42583 | B11: 58.631 | C11: 226.204 | D11: 225.86955 | E11: =C11/B11 -> 3.8580955 | F11: =1000*D11/B11 -> 3852.3913 | G11: =F11/E11 -> 998.52148 | H11: n.d. | I11: n.d. | J11: n.d. | K11: n.d. | L11: n.d. | M11: n.d. | N11: n.d.
A12: 42614 | B12: 58.921 | C12: 225.679 | D12: 227.6914 | E12: =C12/B12 -> 3.8301964 | F12: =1000*D12/B12 -> 3864.3506 | G12: =F12/E12 -> 1008.9171 | H12: n.d. | I12: n.d. | J12: n.d. | K12: n.d. | L12: n.d. | M12: n.d. | N12: n.d.
A13: 42644 | B13: 58.661 | C13: 218.711 | D13: 227.86876 | E13: =C13/B13 -> 3.7283885 | F13: =1000*D13/B13 -> 3884.5018 | G13: =F13/E13 -> 1041.8715 | H13: n.d. | I13: n.d. | J13: n.d. | K13: n.d. | L13: n.d. | M13: n.d. | N13: n.d.
A14: 42675 | B14: 59.344 | C14: 228.652 | D14: 229.54093 | E14: =C14/B14 -> 3.8529927 | F14: =1000*D14/B14 -> 3867.9721 | G14: =F14/E14 -> 1003.8877 | H14: 0.39746255 | I14: n.d. | J14: n.d. | K14: n.d. | L14: n.d. | M14: n.d. | N14: n.d.
A15: 42705 | B15: 58.976 | C15: 229.45 | D15: 228.34041 | E15: =C15/B15 -> 3.8905657 | F15: =1000*D15/B15 -> 3871.7514 | G15: =F15/E15 -> 995.16413 | H15: 0.3945748 | I15: n.d. | J15: n.d. | K15: n.d. | L15: n.d. | M15: n.d. | N15: n.d.
A16: 42736 | B16: 59.022 | C16: 227.612 | D16: 229.12089 | E16: =C16/B16 -> 3.8563925 | F16: =1000*D16/B16 -> 3881.9575 | G16: =F16/E16 -> 1006.6292 | H16: 0.3944596 | I16: n.d. | J16: n.d. | K16: n.d. | L16: n.d. | M16: n.d. | N16: n.d.
A17: 42767 | B17: 59.119 | C17: 227.323 | D17: 229.34031 | E17: =C17/B17 -> 3.8451767 | F17: =1000*D17/B17 -> 3879.2995 | G17: =F17/E17 -> 1008.8742 | H17: 0.39468463 | I17: n.d. | J17: n.d. | K17: n.d. | L17: n.d. | M17: n.d. | N17: n.d.
A18: 42795 | B18: 59.12 | C18: 225.86 | D18: 230.58245 | E18: =C18/B18 -> 3.8203654 | F18: =1000*D18/B18 -> 3900.2444 | G18: =F18/E18 -> 1020.9087 | H18: 0.39426846 | I18: n.d. | J18: n.d. | K18: n.d. | L18: n.d. | M18: n.d. | N18: n.d.
A19: 42826 | B19: 59.426 | C19: 225.852 | D19: 228.59267 | E19: =C19/B19 -> 3.8005587 | F19: =1000*D19/B19 -> 3846.6777 | G19: =F19/E19 -> 1012.1348 | H19: 0.39588455 | I19: n.d. | J19: n.d. | K19: n.d. | L19: n.d. | M19: n.d. | N19: n.d.
A20: 42856 | B20: 60.309 | C20: 229.928 | D20: 233.24935 | E20: =C20/B20 -> 3.812499 | F20: =1000*D20/B20 -> 3867.5712 | G20: =F20/E20 -> 1014.4452 | H20: 0.40133643 | I20: n.d. | J20: n.d. | K20: n.d. | L20: n.d. | M20: n.d. | N20: n.d.
A21: 42887 | B21: 59.972 | C21: 228.455 | D21: 232.24693 | E21: =C21/B21 -> 3.809361 | F21: =1000*D21/B21 -> 3872.5894 | G21: =F21/E21 -> 1016.5982 | H21: 0.39866612 | I21: n.d. | J21: n.d. | K21: n.d. | L21: n.d. | M21: n.d. | N21: n.d.
A22: 42917 | B22: 59.785 | C22: 226.939 | D22: 230.88546 | E22: =C22/B22 -> 3.7959187 | F22: =1000*D22/B22 -> 3861.9296 | G22: =F22/E22 -> 1017.39 | H22: 0.39699709 | I22: n.d. | J22: n.d. | K22: n.d. | L22: n.d. | M22: n.d. | N22: n.d.
A23: 42948 | B23: 59.794 | C23: 225.519 | D23: 229.66715 | E23: =C23/B23 -> 3.7715992 | F23: =1000*D23/B23 -> 3840.9732 | G23: =F23/E23 -> 1018.3938 | H23: 0.39665844 | I23: n.d. | J23: n.d. | K23: n.d. | L23: n.d. | M23: n.d. | N23: n.d.
A24: 42979 | B24: 59.837 | C24: 225.523 | D24: 227.19387 | E24: =C24/B24 -> 3.7689557 | F24: =1000*D24/B24 -> 3796.8793 | G24: =F24/E24 -> 1007.4089 | H24: 0.39654533 | I24: n.d. | J24: n.d. | K24: n.d. | L24: n.d. | M24: n.d. | N24: n.d.
A25: 43009 | B25: 60.364 | C25: 226.558 | D25: 228.61925 | E25: =C25/B25 -> 3.7531973 | F25: =1000*D25/B25 -> 3787.3443 | G25: =F25/E25 -> 1009.0981 | H25: 0.3996363 | I25: n.d. | J25: n.d. | K25: n.d. | L25: n.d. | M25: n.d. | N25: n.d.
... A39: 43435 | B39: 62.473341 | C39: 233.32314 | D39: 246.21291 | E39: =C39/B39 -> 3.7347633 | F39: =1000*D39/B39 -> 3941.0876 | G39: =F39/E39 -> 1055.2443 | H39: 0.40858904 | I39: n.d. | J39: n.d. | K39: n.d. | L39: n.d. | M39: n.d. | N39: n.d.
A40: 43466 | B40: 62.176389 | C40: 229.19332 | D40: 244.12878 | E40: =C40/B40 -> 3.6861794 | F40: =1000*D40/B40 -> 3926.3905 | G40: =F40/E40 -> 1065.1653 | H40: 0.40622983 | I40: 30.596152 | J40: 31.580237 | K40: 8.632275 | L40: 23.417264 | M40: 20.936872 | N40: 9.189978
A41: 43497 | B41: 62.172903 | C41: 228.61271 | D41: 243.23216 | E41: =C41/B41 -> 3.6770473 | F41: =1000*D41/B41 -> 3912.1892 | G41: =F41/E41 -> 1063.9486 | H41: 0.40574887 | I41: 30.605162 | J41: 31.567741 | K41: 8.584212 | L41: 23.391394 | M41: 20.977382 | N41: 9.219915
A42: 43525 | B42: 62.960081 | C42: 231.16343 | D42: 248.6806 | E42: =C42/B42 -> 3.6715872 | F42: =1000*D42/B42 -> 3949.8139 | G42: =F42/E42 -> 1075.7783 | H42: 0.41034176 | I42: 30.994635 | J42: 31.965446 | K42: 8.647358 | L42: 23.619362 | M42: 21.298095 | N42: 9.395266
A43: 43556 | B43: 63.205404 | C43: 229.59013 | D43: 247.92447 | E43: =C43/B43 -> 3.6324447 | F43: =1000*D43/B43 -> 3922.5201 | G43: =F43/E43 -> 1079.8568 | H43: 0.41119737 | I43: 31.121997 | J43: 32.083407 | K43: 8.623733 | L43: 23.653625 | M43: 21.405728 | N43: 9.522318
A44: 43586 | B44: 63.374619 | C44: 230.03009 | D44: 250.7214 | E44: =C44/B44 -> 3.629688 | F44: =1000*D44/B44 -> 3956.18 | G44: =F44/E44 -> 1089.9504 | H44: 0.40905531 | I44: 31.206888 | J44: 32.167731 | K44: 8.591269 | L44: 23.673098 | M44: 21.495635 | N44: 9.614617
A45: 43617 | B45: 63.450581 | C45: 229.53571 | D45: 251.78629 | E45: =C45/B45 -> 3.617551 | F45: =1000*D45/B45 -> 3968.2267 | G45: =F45/E45 -> 1096.9373 | H45: 0.41233677 | I45: 31.238109 | J45: 32.212472 | K45: 8.589862 | L45: 23.699304 | M45: 21.531008 | N45: 9.630407
A46: 43647 | B46: 63.463368 | C46: 228.92486 | D46: 252.09312 | E46: =C46/B46 -> 3.6071969 | F46: =1000*D46/B46 -> 3972.2619 | G46: =F46/E46 -> 1101.2046 | H46: 0.41149392 | I46: 31.253575 | J46: 32.209793 | K46: 8.582518 | L46: 23.665293 | M46: 21.54809 | N46: 9.667467
A47: 43678 | B47: 63.427939 | C47: 229.16913 | D47: 256.16655 | E47: =C47/B47 -> 3.6130628 | F47: =1000*D47/B47 -> 4038.7021 | G47: =F47/E47 -> 1117.8057 | H47: 0.41084099 | I47: 31.212792 | J47: 32.215147 | K47: 8.531247 | L47: 23.636213 | M47: 21.578072 | N47: 9.682407
A48: 43709 | B48: 63.206609 | C48: 226.26364 | D48: 252.68665 | E48: =C48/B48 -> 3.5797465 | F48: =1000*D48/B48 -> 3997.7884 | G48: =F48/E48 -> 1116.7798 | H48: 0.40902572 | I48: 31.065532 | J48: 32.141077 | K48: 8.461761 | L48: 23.563721 | M48: 21.542809 | N48: 9.638318
A49: 43739 | B49: 63.85141 | C49: 228.22774 | D49: 254.94453 | E49: =C49/B49 -> 3.5743571 | F49: =1000*D49/B49 -> 3992.7785 | G49: =F49/E49 -> 1117.062 | H49: 0.41281317 | I49: 31.390098 | J49: 32.461312 | K49: 8.564821 | L49: 23.714484 | M49: 21.765565 | N49: 9.80654
A50: 43770 | B50: 63.840968 | C50: 226.60013 | D50: 256.2712 | E50: =C50/B50 -> 3.549447 | F50: =1000*D50/B50 -> 4014.2123 | G50: =F50/E50 -> 1130.9402 | H50: 0.4123608 | I50: 31.427759 | J50: 32.413209 | K50: 8.562149 | L50: 23.641386 | M50: 21.794938 | N50: 9.842495
A51: 43800 | B51: 63.307343 | C51: 224.84153 | D51: 255.91063 | E51: =C51/B51 -> 3.5515869 | F51: =1000*D51/B51 -> 4042.353 | G51: =F51/E51 -> 1138.1822 | H51: 0.40853269 | I51: 31.084271 | J51: 32.223072 | K51: 8.465536 | L51: 23.396888 | M51: 21.655504 | N51: 9.789415
... A75: 44531 | B75: 63.970854 | C75: 213.58677 | D75: 251.94994 | E75: =C75/B75 -> 3.3388138 | F75: =1000*D75/B75 -> 3938.5114 | G75: =F75/E75 -> 1179.614 | H75: 0.40495241 | I75: 32.054439 | J75: 31.916415 | K75: 7.993807 | L75: 22.77077 | M75: 22.096777 | N75: 11.1095
A76: 44562 | B76: =64.817442 -> 64.817442 | C76: 219.50181 | D76: 260.72953 | E76: =C76/B76 -> 3.3864621 | F76: =1000*D76/B76 -> 4022.5212 | G76: =F76/E76 -> 1187.8241 | H76: 0.41002541 | I76: 32.484546 | J76: 32.332896 | K76: 8.184342 | L76: 23.074751 | M76: 22.325069 | N76: 11.23328
A77: 44593 | B77: 65.169146 | C77: 221.34239 | D77: 263.41861 | E77: =C77/B77 -> 3.3964292 | F77: =1000*D77/B77 -> 4042.0756 | G77: =F77/E77 -> 1190.0956 | H77: 0.41196273 | I77: 32.688611 | J77: 32.480535 | K77: 8.295033 | L77: 23.210111 | M77: 22.409154 | N77: 11.254848
A78: 44621 | B78: 65.693982 | C78: 223.42901 | D78: 265.81813 | E78: =C78/B78 -> 3.4010575 | F78: =1000*D78/B78 -> 4046.3087 | G78: =F78/E78 -> 1189.7207 | H78: 0.41499078 | I78: 32.974393 | J78: 32.719589 | K78: 8.364398 | L78: 23.339492 | M78: 22.595982 | N78: 11.39411
A79: 44652 | B79: 66.13267 | C79: 226.01923 | D79: 271.629 | E79: =C79/B79 -> 3.4176637 | F79: =1000*D79/B79 -> 4107.3345 | G79: =F79/E79 -> 1201.796 | H79: 0.41747054 | I79: 33.177048 | J79: 32.955622 | K79: 8.46949 | L79: 23.506084 | M79: 22.728249 | N79: 11.428847
A80: 44682 | B80: 66.579818 | C80: 229.5184 | D80: 278.27093 | E80: =C80/B80 -> 3.4472668 | F80: =1000*D80/B80 -> 4179.5087 | G80: =F80/E80 -> 1212.4123 | H80: 0.41999996 | I80: 33.358818 | J80: 33.221 | K80: 8.567547 | L80: 23.66865 | M80: 22.854408 | N80: 11.489213
A81: 44713 | B81: 66.818625 | C81: 231.31454 | D81: 281.42883 | E81: =C81/B81 -> 3.4618272 | F81: =1000*D81/B81 -> 4211.8322 | G81: =F81/E81 -> 1216.65 | H81: 0.42121225 | I81: 33.47837 | J81: 33.340255 | K81: 8.616469 | L81: 23.760214 | M81: 22.922704 | N81: 11.519238
A82: 44743 | B82: 67.632289 | C82: 235.25367 | D82: 287.65758 | E82: =C82/B82 -> 3.4784223 | F82: =1000*D82/B82 -> 4253.258 | G82: =F82/E82 -> 1222.7549 | H82: 0.42604384 | I82: 33.923601 | J82: 33.708688 | K82: 8.781055 | L82: 24.0836 | M82: 23.147033 | N82: 11.620601
A83: 44774 | B83: 67.976241 | C83: 238.20202 | D83: 289.46028 | E83: =C83/B83 -> 3.5041953 | F83: =1000*D83/B83 -> 4258.2567 | G83: =F83/E83 -> 1215.1882 | H83: 0.42789009 | I83: 34.106002 | J83: 33.870239 | K83: 8.824664 | L83: 24.178515 | M83: 23.238884 | N83: 11.734178
A84: 44805 | B84: 68.388049 | C84: 240.88553 | D84: 295.73861 | E84: =C84/B84 -> 3.5223337 | F84: =1000*D84/B84 -> 4324.4194 | G84: =F84/E84 -> 1227.7143 | H84: 0.43016009 | I84: 34.303652 | J84: 34.084397 | K84: 8.879526 | L84: 24.275861 | M84: 23.371201 | N84: 11.861461
A85: 44835 | B85: 69.05664 | C85: 243.44628 | D85: 301.49985 | E85: =C85/B85 -> 3.5253132 | F85: =1000*D85/B85 -> 4365.9792 | G85: =F85/E85 -> 1238.4656 | H85: 0.43404037 | I85: 34.619754 | J85: 34.436886 | K85: 8.944692 | L85: 24.469792 | M85: 23.621664 | N85: 12.020492
A86: 44866 | B86: 69.834751 | C86: 247.02617 | D86: 311.02929 | E86: =C86/B86 -> 3.5372958 | F86: =1000*D86/B86 -> 4453.7897 | G86: =F86/E86 -> 1259.0945 | H86: 0.43860238 | I86: 35.03579 | J86: 34.798961 | K86: 9.007286 | L86: 24.667211 | M86: 23.905602 | N86: 12.254652
A87: 44896 | B87: 69.429316 | C87: 247.57185 | D87: 312.0094 | E87: =C87/B87 -> 3.5658115 | F87: =1000*D87/B87 -> 4493.9143 | G87: =F87/E87 -> 1260.2782 | H87: 0.43572949 | I87: 34.8038 | J87: 34.625516 | K87: 8.92121 | L87: 24.464351 | M87: 23.739347 | N87: 12.304408
A88: 44927 | B88: 70.092977 | C88: 252.09988 | D88: 323.28867 | E88: =C88/B88 -> 3.5966497 | F88: =1000*D88/B88 -> 4612.2834 | G88: =F88/E88 -> 1282.3833 | H88: 0.43956509 | I88: 35.173672 | J88: 34.919305 | K88: 8.998106 | L88: 24.695468 | M88: 23.974515 | N88: 12.424888
... A130: 46204 | B130: 83.931918 | C130: 348.3109 | D130: 586.45172 | E130: =C130/B130 -> 4.1499218 | F130: =1000*D130/B130 -> 6987.2313 | G130: =F130/E130 -> 1683.7019 | H130: 0.51035685 | I130: 42.403304 | J130: 41.528614 | K130: 9.438497 | L130: 28.445168 | M130: 29.53223 | N130: 16.516023
A131: 46235
A132: 46266
A133: 46296
A134: 46327
A135: 46357

Sheet Setores
A2: Indicador Serasa Experian de Inadimplência do Consumidor - Participação dos Setores na Inadimplência Total (%)
A3: Mês | B3: Bancos / Cartões (A) | C3: Utilities (B) | D3: Telefonia (C) | E3: Varejo (D) | F3: Serviços (E) | G3: Financeiras (F) | H3: Securitizadoras (G) | I3: Cooperativas (H) | J3: Outros (I) | K3: Total Financeiro (A) + (F) | L3: Total não Financeiro (B) + (C) + (D) + (E) + (G) + (H) + (I)
A4: 43101 | B4: 0.28182986 | C4: 0.18942799 | D4: 0.11873121 | E4: 0.13287314 | F4: 0.10959348 | G4: 0.076161868 | H4: 0.045216287 | I4: n.d. | J4: 0.046166153 | K4: =G4+B4 -> 0.35799173 | L4: =SUM(C4:F4)+H4+J4 -> 0.64200827
A5: 43132 | B5: 0.28348071 | C5: 0.19102838 | D5: 0.1191261 | E5: 0.13272149 | F5: 0.10760578 | G5: 0.076637943 | H5: 0.043344885 | I5: n.d. | J5: 0.046054712 | K5: =G5+B5 -> 0.36011865 | L5: =SUM(C5:F5)+H5+J5 -> 0.63988135
A6: 43160 | B6: 0.28096516 | C6: 0.19036347 | D6: 0.11708486 | E6: 0.13168628 | F6: 0.10580787 | G6: 0.090724273 | H6: 0.038852037 | I6: n.d. | J6: 0.044516051 | K6: =G6+B6 -> 0.37168943 | L6: =SUM(C6:F6)+H6+J6 -> 0.62831057
A7: 43191 | B7: 0.28174605 | C7: 0.19047978 | D7: 0.11523085 | E7: 0.13010568 | F7: 0.10284966 | G7: 0.092461 | H7: 0.043092661 | I7: n.d. | J7: 0.044034321 | K7: =G7+B7 -> 0.37420705 | L7: =SUM(C7:F7)+H7+J7 -> 0.62579295
A8: 43221 | B8: 0.28091572 | C8: 0.19209322 | D8: 0.11557893 | E8: 0.13135549 | F8: 0.10140193 | G8: 0.092603117 | H8: 0.04199766 | I8: n.d. | J8: 0.04405392 | K8: =G8+B8 -> 0.37351884 | L8: =SUM(C8:F8)+H8+J8 -> 0.62648116
A9: 43252 | B9: 0.27856132 | C9: 0.19623064 | D9: 0.11550356 | E9: 0.13071561 | F9: 0.10233005 | G9: 0.092343312 | H9: 0.04019503 | I9: n.d. | J9: 0.044120481 | K9: =G9+B9 -> 0.37090463 | L9: =SUM(C9:F9)+H9+J9 -> 0.62909537
A10: 43282 | B10: 0.28123573 | C10: 0.19366306 | D10: 0.1161453 | E10: 0.13065656 | F10: 0.10323611 | G10: 0.091947947 | H10: 0.03890085 | I10: n.d. | J10: 0.044214445 | K10: =G10+B10 -> 0.37318368 | L10: =SUM(C10:F10)+H10+J10 -> 0.62681633
A11: 43313 | B11: 0.2804623 | C11: 0.19147244 | D11: 0.1201291 | E11: 0.12982745 | F11: 0.10303651 | G11: 0.094170593 | H11: 0.037470387 | I11: n.d. | J11: 0.043431213 | K11: =G11+B11 -> 0.37463289 | L11: =SUM(C11:F11)+H11+J11 -> 0.62536711
A12: 43344 | B12: 0.28116963 | C12: 0.19144252 | D12: 0.11789787 | E12: 0.1298349 | F12: 0.10490309 | G12: 0.093439356 | H12: 0.036477195 | I12: n.d. | J12: 0.044835432 | K12: =G12+B12 -> 0.37460898 | L12: =SUM(C12:F12)+H12+J12 -> 0.62539102
A13: 43374 | B13: 0.2693499 | C13: 0.1916956 | D13: 0.13101379 | E13: 0.12758659 | F13: 0.1037388 | G13: 0.091683328 | H13: 0.038893668 | I13: n.d. | J13: 0.04603832 | K13: =G13+B13 -> 0.36103323 | L13: =SUM(C13:F13)+H13+J13 -> 0.63896677
A14: 43405 | B14: 0.27509202 | C14: 0.19639185 | D14: 0.1279363 | E14: 0.1219453 | F14: 0.1020555 | G14: 0.093035563 | H14: 0.038513338 | I14: n.d. | J14: 0.045030136 | K14: =G14+B14 -> 0.36812758 | L14: =SUM(C14:F14)+H14+J14 -> 0.63187242
A15: 43435 | B15: 0.26925056 | C15: 0.20408137 | D15: 0.12962142 | E15: 0.11754746 | F15: 0.10335937 | G15: 0.0935408 | H15: 0.036974766 | I15: n.d. | J15: 0.045624251 | K15: =G15+B15 -> 0.36279136 | L15: =SUM(C15:F15)+H15+J15 -> 0.63720864
... A82: 45474 | B82: 0.28440225 | C82: 0.21850434 | D82: 0.045970961 | E82: 0.10506028 | F82: 0.1209009 | G82: 0.17810869 | H82: 0.012303306 | I82: n.d. | J82: 0.034749279 | K82: =G82+B82 -> 0.46251094 | L82: =SUM(C82:F82)+H82+J82 -> 0.53748906
A83: 45505 | B83: 0.2798209 | C83: 0.21702245 | D83: 0.051671119 | E83: 0.10527433 | F83: 0.1086703 | G83: 0.17480997 | H83: 0.015546863 | I83: 0.018702855 | J83: 0.028481211 | K83: =G83+B83 -> 0.45463087 | L83: =SUM(C83:F83)+H83+J83+I83 -> 0.54536913
A84: 45536 | B84: 0.28026247 | C84: 0.2176781 | D84: 0.05044114 | E84: 0.10440239 | F84: 0.10829713 | G84: 0.17510614 | H84: 0.016301385 | I84: 0.018845868 | J84: 0.028665377 | K84: =G84+B84 -> 0.45536861 | L84: =SUM(C84:F84)+H84+J84+I84 -> 0.54463139
A85: 45566 | B85: 0.2785634 | C85: 0.21675861 | D85: 0.049224372 | E85: 0.10335387 | F85: 0.10906754 | G85: 0.17648635 | H85: 0.018927641 | I85: 0.019078805 | J85: 0.028539404 | K85: =G85+B85 -> 0.45504975 | L85: =SUM(C85:F85)+H85+J85+I85 -> 0.54495025
A86: 45597 | B86: 0.28621082 | C86: 0.20278908 | D86: 0.049214618 | E86: 0.10360188 | F86: 0.1114627 | G86: 0.17995904 | H86: 0.018559592 | I86: 0.019249187 | J86: 0.028953079 | K86: =G86+B86 -> 0.46616986 | L86: =SUM(C86:F86)+H86+J86+I86 -> 0.53383014
A87: 45627 | B87: 0.27434075 | C87: 0.2206185 | D87: 0.048695597 | E87: 0.10078232 | F87: 0.11029311 | G87: 0.17987693 | H87: 0.0179398 | I87: 0.019016942 | J87: 0.028436042 | K87: =G87+B87 -> 0.45421769 | L87: =SUM(C87:F87)+H87+J87+I87 -> 0.54578231
A88: 45658 | B88: 0.28898404 | C88: 0.21034801 | D88: 0.047373885 | E88: 0.098802824 | F88: 0.10948385 | G88: 0.18102626 | H88: 0.016705719 | I88: 0.01924924 | J88: 0.028026176 | K88: =G88+B88 -> 0.4700103 | L88: =SUM(C88:F88)+H88+J88+I88 -> 0.5299897
A89: 45689 | B89: 0.28075921 | C89: 0.20367688 | D89: 0.046664423 | E89: 0.097478952 | F89: 0.10959804 | G89: 0.18777359 | H89: 0.02678436 | I89: 0.019326865 | J89: 0.027937681 | K89: =G89+B89 -> 0.4685328 | L89: =SUM(C89:F89)+H89+J89+I89 -> 0.5314672
A90: 45717 | B90: 0.28473801 | C90: 0.20423162 | D90: 0.046758764 | E90: 0.096768469 | F90: 0.11248782 | G90: 0.19142075 | H90: 0.015579751 | I90: 0.019924374 | J90: 0.028090444 | K90: =G90+B90 -> 0.47615876 | L90: =SUM(C90:F90)+H90+J90+I90 -> 0.52384124
A91: 45748 | B91: 0.28139064 | C91: 0.20082219 | D91: 0.045669554 | E91: 0.095508046 | F91: 0.11631279 | G91: 0.19313151 | H91: 0.019698765 | I91: 0.019800092 | J91: 0.027666413 | K91: =G91+B91 -> 0.47452215 | L91: =SUM(C91:F91)+H91+J91+I91 -> 0.52547785
A92: 45778 | B92: 0.27849073 | C92: 0.20168847 | D92: 0.046102985 | E92: 0.094388684 | F92: 0.11944456 | G92: 0.19380569 | H92: 0.019044113 | I92: 0.01954698 | J92: 0.027487792 | K92: =G92+B92 -> 0.47229642 | L92: =SUM(C92:F92)+H92+J92+I92 -> 0.52770358
A93: 45809 | B93: 0.27494253 | C93: 0.20667591 | D93: 0.045333372 | E93: 0.092450933 | F93: 0.11818195 | G93: 0.194251 | H93: 0.021579683 | I93: 0.01958633 | J93: 0.02699829 | K93: =G93+B93 -> 0.46919353 | L93: =SUM(C93:F93)+H93+J93+I93 -> 0.53080647
A94: 45839 | B94: 0.27255998 | C94: 0.20598797 | D94: 0.046457692 | E94: 0.092478388 | F94: 0.11930315 | G94: 0.1947126 | H94: 0.021148791 | I94: 0.019890274 | J94: 0.027461157 | K94: =G94+B94 -> 0.46727258 | L94: =SUM(C94:F94)+H94+J94+I94 -> 0.53272742
... A106: 46204 | B106: 0.27246876 | C106: 0.21053213 | D106: 0.050261511 | E106: 0.085399653 | F106: 0.11592057 | G106: 0.19946955 | H106: 0.022122892 | I106: 0.019465522 | J106: 0.024359417 | K106: =G106+B106 -> 0.47193831 | L106: =SUM(C106:F106)+H106+J106+I106 -> 0.52806169
A107: 46235
A108: 46266
A109: 46296
A110: 46327
A111: 46357

Sheet AC
A2: Indicador Serasa Experian de Inadimplência do Consumidor - Acre
A3: Mês | B3: Consumidores Inadimplentes | C3: Dívidas Negativadas | D3: Dívidas Negativadas (R$) | E3: Dívida Média (por CPF) | F3: Dívida Média (R$) | G3: Ticket Médio (R$) | H3: % da População Adulta | I3: % da População Inadimplente
A4: 43466 | B4: 261953 | C4: 1426029 | D4: 8.4928881e+08 | E4: =C4/B4 -> 5.4438353 | F4: =D4/B4 -> 3242.1419 | G4: =F4/E4 -> 595.56209 | H4: 0.47664305 | I4: =(B4/('Consumidores Inadimplentes'!B40*1000000)) -> 0.0042130623
A5: 43497 | B5: 266577 | C5: 1433855 | D5: 8.4868824e+08 | E5: =C5/B5 -> 5.3787649 | F5: =D5/B5 -> 3183.6514 | G5: =F5/E5 -> 591.89265 | H5: 0.4841479 | I5: =(B5/('Consumidores Inadimplentes'!B41*1000000)) -> 0.0042876718
A6: 43525 | B6: 264531 | C6: 1426617 | D6: 8.5961237e+08 | E6: =C6/B6 -> 5.393005 | F6: =D6/B6 -> 3249.5714 | G6: =F6/E6 -> 602.55301 | H6: 0.4795406 | I6: =(B6/('Consumidores Inadimplentes'!B42*1000000)) -> 0.004201567
A7: 43556 | B7: 269472 | C7: 1442902 | D7: 8.8724387e+08 | E7: =C7/B7 -> 5.3545526 | F7: =D7/B7 -> 3292.5271 | G7: =F7/E7 -> 614.90238 | H7: 0.4874688 | I7: =(B7/('Consumidores Inadimplentes'!B43*1000000)) -> 0.0042634329
A8: 43586 | B8: 272325 | C8: 1564438 | D8: 9.0816303e+08 | E8: =C8/B8 -> 5.7447462 | F8: =D8/B8 -> 3334.85 | G8: =F8/E8 -> 580.50433 | H8: 0.4894579 | I8: =(B8/('Consumidores Inadimplentes'!B44*1000000)) -> 0.0042970673
A9: 43617 | B9: 270990 | C9: 1549495 | D9: 9.0617079e+08 | E9: =C9/B9 -> 5.7179047 | F9: =D9/B9 -> 3343.9271 | G9: =F9/E9 -> 584.81686 | H9: 0.48801346 | I9: =(B9/('Consumidores Inadimplentes'!B45*1000000)) -> 0.0042708829
A10: 43647 | B10: 271512 | C10: 1543625 | D10: 9.0657206e+08 | E10: =C10/B10 -> 5.685292 | F10: =D10/B10 -> 3338.976 | G10: =F10/E10 -> 587.30071 | H10: 0.48802387 | I10: =(B10/('Consumidores Inadimplentes'!B46*1000000)) -> 0.0042782476
A11: 43678 | B11: 280278 | C11: 1539642 | D11: 9.1486246e+08 | E11: =C11/B11 -> 5.4932674 | F11: =D11/B11 -> 3264.1251 | G11: =F11/E11 -> 594.20466 | H11: 0.50234614 | I11: =(B11/('Consumidores Inadimplentes'!B47*1000000)) -> 0.0044188414
A12: 43709 | B12: 274824 | C12: 1351233 | D12: 8.8923551e+08 | E12: =C12/B12 -> 4.9167212 | F12: =D12/B12 -> 3235.6545 | G12: =F12/E12 -> 658.09191 | H12: 0.49183743 | I12: =(B12/('Consumidores Inadimplentes'!B48*1000000)) -> 0.0043480263
A13: 43739 | B13: 279325 | C13: 1254619 | D13: 8.9766113e+08 | E13: =C13/B13 -> 4.4916101 | F13: =D13/B13 -> 3213.6799 | G13: =F13/E13 -> 715.48504 | H13: 0.4991485 | I13: =(B13/('Consumidores Inadimplentes'!B49*1000000)) -> 0.0043746097
A14: 43770 | B14: 268771 | C14: 1408000 | D14: 9.2255712e+08 | E14: =C14/B14 -> 5.2386604 | F14: =D14/B14 -> 3432.5025 | G14: =F14/E14 -> 655.22523 | H14: 0.47957398 | I14: =(B14/('Consumidores Inadimplentes'!B50*1000000)) -> 0.0042100082
A15: 43800 | B15: 264469 | C15: 1706203 | D15: 9.5315364e+08 | E15: =C15/B15 -> 6.4514291 | F15: =D15/B15 -> 3604.0278 | G15: =F15/E15 -> 558.64023 | H15: 0.47119578 | I15: =(B15/('Consumidores Inadimplentes'!B51*1000000)) -> 0.0041775407
... A83: 45870 | B83: 288183 | C83: 1057395 | D83: 1549867729 | E83: =C83/B83 -> 3.669179 | F83: =D83/B83 -> 5378.0679 | G83: =F83/E83 -> 1465.7415 | H83: 0.46920288 | I83: =(B83/('Consumidores Inadimplentes'!B119*1000000)) -> 0.0036548792
A84: 45901 | B84: 289737 | C84: 1054592 | D84: 1578510882 | E84: =IFERROR(C84/B84,"") -> 3.6398251 | F84: =IFERROR(D84/B84,"") -> 5448.0818 | G84: =IFERROR(F84/E84,"") -> 1496.7977 | H84: 0.4711707 | I84: =(B84/('Consumidores Inadimplentes'!B120*1000000)) -> 0.0036598226
A85: 45931 | B85: 292004 | C85: 1063736 | D85: 1602600264 | E85: =IFERROR(C85/B85,"") -> 3.6428816 | F85: =IFERROR(D85/B85,"") -> 5488.2819 | G85: =IFERROR(F85/E85,"") -> 1506.5771 | H85: 0.47429117 | I85: =(B85/('Consumidores Inadimplentes'!B121*1000000)) -> 0.003630241
A86: 45962 | B86: 291403 | C86: 1059697 | D86: 1624629714 | E86: =IFERROR(C86/B86,"") -> 3.6365343 | F86: =IFERROR(D86/B86,"") -> 5575.199 | G86: =IFERROR(F86/E86,"") -> 1533.1078 | H86: 0.47275137 | I86: =(B86/('Consumidores Inadimplentes'!B122*1000000)) -> 0.0036149793
A87: 45992 | B87: 293309 | C87: 1060415 | D87: 1642216559 | E87: =IFERROR(C87/B87,"") -> 3.615351 | F87: =IFERROR(D87/B87,"") -> 5598.93 | G87: =IFERROR(F87/E87,"") -> 1548.6546 | H87: 0.4752768 | I87: =(B87/('Consumidores Inadimplentes'!B123*1000000)) -> 0.0036100451
A88: 46023 | B88: 286357 | C88: 1006369 | D88: 1538959090 | E88: =IFERROR(C88/B88,"") -> 3.5143859 | F88: =IFERROR(D88/B88,"") -> 5374.2674 | G88: =IFERROR(F88/E88,"") -> 1529.2195 | H88: 0.46345908 | I88: =(B88/('Consumidores Inadimplentes'!B124*1000000)) -> 0.0035213889
A89: 46054 | B89: 287028 | C89: 1010504 | D89: 1585547407 | E89: =IFERROR(C89/B89,"") -> 3.5205764 | F89: =IFERROR(D89/B89,"") -> 5524.0165 | G89: =IFERROR(F89/E89,"") -> 1569.0659 | H89: 0.46399162 | I89: =(B89/('Consumidores Inadimplentes'!B125*1000000)) -> 0.0035118227
A90: 46082 | B90: 291535 | C90: 1032759 | D90: 1674138352 | E90: =IFERROR(C90/B90,"") -> 3.5424872 | F90: =IFERROR(D90/B90,"") -> 5742.4952 | G90: =IFERROR(F90/E90,"") -> 1621.0349 | H90: 0.47071579 | I90: =(B90/('Consumidores Inadimplentes'!B126*1000000)) -> 0.003519573
A91: 46113 | B91: 296633 | C91: 1050215 | D91: 1708112496 | E91: =IFERROR(C91/B91,"") -> 3.5404523 | F91: =IFERROR(D91/B91,"") -> 5758.336 | G91: =IFERROR(F91/E91,"") -> 1626.4408 | H91: 0.47837628 | I91: =(B91/('Consumidores Inadimplentes'!B127*1000000)) -> 0.0035572116
A92: 46143 | B92: 297943 | C92: 1049861 | D92: 1714931084 | E92: =IFERROR(C92/B92,"") -> 3.5236975 | F92: =IFERROR(D92/B92,"") -> 5755.9033 | G92: =IFERROR(F92/E92,"") -> 1633.4839 | H92: 0.47991618 | I92: =(B92/('Consumidores Inadimplentes'!B128*1000000)) -> 0.003568058
A93: 46174 | B93: 295299 | C93: 1039623 | D93: 1731043484 | E93: =IFERROR(C93/B93,"") -> 3.5205774 | F93: =IFERROR(D93/B93,"") -> 5862.0025 | G93: =IFERROR(F93/E93,"") -> 1665.0685 | H93: 0.47509026 | I93: =(B93/('Consumidores Inadimplentes'!B129*1000000)) -> 0.0035264806
A94: 46204 | B94: 295260 | C94: 1039887 | D94: 1741134395 | E94: =IFERROR(C94/B94,"") -> 3.5219366 | F94: =IFERROR(D94/B94,"") -> 5896.9532 | G94: =IFERROR(F94/E94,"") -> 1674.3496 | H94: 0.47446188 | I94: =(B94/('Consumidores Inadimplentes'!B130*1000000)) -> 0.0035178512
A95: 46235
A96: 46266
A97: 46296
A98: 46327
A99: 46357

Sheet AL
A2: Indicador Serasa Experian de Inadimplência do Consumidor - Alagoas
A3: Mês | B3: Consumidores Inadimplentes | C3: Dívidas Negativadas | D3: Dívidas Negativadas (R$) | E3: Dívida Média (por CPF) | F3: Dívida Média (R$) | G3: Ticket Médio (R$) | H3: % da População Adulta | I3: % da População Inadimplente
A4: 43466 | B4: 957663 | C4: 4016991 | D4: 2.7128861e+09 | E4: =C4/B4 -> 4.1945768 | F4: =D4/B4 -> 2832.8192 | G4: =F4/E4 -> 675.3528 | H4: 0.42645245 | I4: =(B4/('Consumidores Inadimplentes'!B40*1000000)) -> 0.015402358
A5: 43497 | B5: 939283 | C5: 3923638 | D5: 2.6764899e+09 | E5: =C5/B5 -> 4.1772693 | F5: =D5/B5 -> 2849.5032 | G5: =F5/E5 -> 682.14497 | H5: 0.41792986 | I5: =(B5/('Consumidores Inadimplentes'!B41*1000000)) -> 0.015107594
A6: 43525 | B6: 914817 | C6: 3846271 | D6: 2.7376217e+09 | E6: =C6/B6 -> 4.2044157 | F6: =D6/B6 -> 2992.5348 | G6: =F6/E6 -> 711.75995 | H6: 0.40671337 | I6: =(B6/('Consumidores Inadimplentes'!B42*1000000)) -> 0.014530112
A7: 43556 | B7: 897394 | C7: 3729946 | D7: 2.6970165e+09 | E7: =C7/B7 -> 4.1564196 | F7: =D7/B7 -> 3005.3873 | G7: =F7/E7 -> 723.0712 | H7: 0.39829384 | I7: =(B7/('Consumidores Inadimplentes'!B43*1000000)) -> 0.014198058
A8: 43586 | B8: 887668 | C8: 3656722 | D8: 2.7518257e+09 | E8: =C8/B8 -> 4.1194703 | F8: =D8/B8 -> 3100.0619 | G8: =F8/E8 -> 752.53895 | H8: 0.39073763 | I8: =(B8/('Consumidores Inadimplentes'!B44*1000000)) -> 0.01400668
A9: 43617 | B9: 894588 | C9: 3668800 | D9: 2.7631855e+09 | E9: =C9/B9 -> 4.1011058 | F9: =D9/B9 -> 3088.78 | G9: =F9/E9 -> 753.15784 | H9: 0.39698067 | I9: =(B9/('Consumidores Inadimplentes'!B45*1000000)) -> 0.014098973
A10: 43647 | B10: 885537 | C10: 3569137 | D10: 2.7263143e+09 | E10: =C10/B10 -> 4.0304776 | F10: =D10/B10 -> 3078.713 | G10: =F10/E10 -> 763.85812 | H10: 0.39241289 | I10: =(B10/('Consumidores Inadimplentes'!B46*1000000)) -> 0.013953514
A11: 43678 | B11: 884630 | C11: 3538047 | D11: 2.8015816e+09 | E11: =C11/B11 -> 3.9994653 | F11: =D11/B11 -> 3166.953 | G11: =F11/E11 -> 791.8441 | H11: 0.38969472 | I11: =(B11/('Consumidores Inadimplentes'!B47*1000000)) -> 0.013947008
A12: 43709 | B12: 872746 | C12: 3438933 | D12: 2.7603464e+09 | E12: =C12/B12 -> 3.9403595 | F12: =D12/B12 -> 3162.829 | G12: =F12/E12 -> 802.67524 | H12: 0.38416988 | I12: =(B12/('Consumidores Inadimplentes'!B48*1000000)) -> 0.013807828
A13: 43739 | B13: 872843 | C13: 3891440 | D13: 2.8008505e+09 | E13: =C13/B13 -> 4.4583505 | F13: =D13/B13 -> 3208.8823 | G13: =F13/E13 -> 719.74654 | H13: 0.38392309 | I13: =(B13/('Consumidores Inadimplentes'!B49*1000000)) -> 0.01366991
A14: 43770 | B14: 862443 | C14: 3855787 | D14: 2.7867637e+09 | E14: =C14/B14 -> 4.4707731 | F14: =D14/B14 -> 3231.2439 | G14: =F14/E14 -> 722.74836 | H14: 0.37906267 | I14: =(B14/('Consumidores Inadimplentes'!B50*1000000)) -> 0.013509241
A15: 43800 | B15: 857101 | C15: 3789441 | D15: 2.7696306e+09 | E15: =C15/B15 -> 4.4212304 | F15: =D15/B15 -> 3231.3935 | G15: =F15/E15 -> 730.88104 | H15: 0.37643083 | I15: =(B15/('Consumidores Inadimplentes'!B51*1000000)) -> 0.01353873
... A83: 45870 | B83: 1102371 | C83: 3192409 | D83: 5514525061 | E83: =C83/B83 -> 2.8959479 | F83: =D83/B83 -> 5002.4221 | G83: =F83/E83 -> 1727.3868 | H83: 0.46614621 | I83: =(B83/('Consumidores Inadimplentes'!B119*1000000)) -> 0.013980814
A84: 45901 | B84: 1099312 | C84: 3156608 | D84: 5481283861 | E84: =IFERROR(C84/B84,"") -> 2.8714396 | F84: =IFERROR(D84/B84,"") -> 4986.1039 | G84: =IFERROR(F84/E84,"") -> 1736.4474 | H84: 0.46461732 | I84: =(B84/('Consumidores Inadimplentes'!B120*1000000)) -> 0.013885996
A85: 45931 | B85: 1113986 | C85: 3229198 | D85: 5576686003 | E85: =IFERROR(C85/B85,"") -> 2.8987779 | F85: =IFERROR(D85/B85,"") -> 5006.0647 | G85: =IFERROR(F85/E85,"") -> 1726.957 | H85: 0.47058073 | I85: =(B85/('Consumidores Inadimplentes'!B121*1000000)) -> 0.013849254
A86: 45962 | B86: 1106631 | C86: 3167430 | D86: 5467426731 | E86: =IFERROR(C86/B86,"") -> 2.8622278 | F86: =IFERROR(D86/B86,"") -> 4940.6051 | G86: =IFERROR(F86/E86,"") -> 1726.1397 | H86: 0.46723711 | I86: =(B86/('Consumidores Inadimplentes'!B122*1000000)) -> 0.013728233
A87: 45992 | B87: 1114686 | C87: 3197530 | D87: 5559906197 | E87: =IFERROR(C87/B87,"") -> 2.8685477 | F87: =IFERROR(D87/B87,"") -> 4987.8676 | G87: =IFERROR(F87/E87,"") -> 1738.8128 | H87: 0.47039972 | I87: =(B87/('Consumidores Inadimplentes'!B123*1000000)) -> 0.013719547
A88: 46023 | B88: 1097072 | C88: 3137596 | D88: 5546694900 | E88: =IFERROR(C88/B88,"") -> 2.8599727 | F88: =IFERROR(D88/B88,"") -> 5055.9078 | G88: =IFERROR(F88/E88,"") -> 1767.8168 | H88: 0.46273225 | I88: =(B88/('Consumidores Inadimplentes'!B124*1000000)) -> 0.013490912
A89: 46054 | B89: 1108663 | C89: 3218938 | D89: 5732958286 | E89: =IFERROR(C89/B89,"") -> 2.9034414 | F89: =IFERROR(D89/B89,"") -> 5171.0558 | G89: =IFERROR(F89/E89,"") -> 1781.0092 | H89: 0.46738444 | I89: =(B89/('Consumidores Inadimplentes'!B125*1000000)) -> 0.013564628
A90: 46082 | B90: 1119006 | C90: 3309398 | D90: 5990129810 | E90: =IFERROR(C90/B90,"") -> 2.9574444 | F90: =IFERROR(D90/B90,"") -> 5353.081 | G90: =IFERROR(F90/E90,"") -> 1810.0361 | H90: 0.47150586 | I90: =(B90/('Consumidores Inadimplentes'!B126*1000000)) -> 0.013509264
A91: 46113 | B91: 1134220 | C91: 3368795 | D91: 6057611486 | E91: =IFERROR(C91/B91,"") -> 2.9701425 | F91: =IFERROR(D91/B91,"") -> 5340.7729 | G91: =IFERROR(F91/E91,"") -> 1798.1538 | H91: 0.47767452 | I91: =(B91/('Consumidores Inadimplentes'!B127*1000000)) -> 0.013601523
A92: 46143 | B92: 1130131 | C92: 3353035 | D92: 6058204964 | E92: =IFERROR(C92/B92,"") -> 2.9669437 | F92: =IFERROR(D92/B92,"") -> 5360.6219 | G92: =IFERROR(F92/E92,"") -> 1806.7825 | H92: 0.47571143 | I92: =(B92/('Consumidores Inadimplentes'!B128*1000000)) -> 0.013534042
A93: 46174 | B93: 1130030 | C93: 3358087 | D93: 6083310299 | E93: =IFERROR(C93/B93,"") -> 2.9716795 | F93: =IFERROR(D93/B93,"") -> 5383.3175 | G93: =IFERROR(F93/E93,"") -> 1811.5404 | H93: 0.47542817 | I93: =(B93/('Consumidores Inadimplentes'!B129*1000000)) -> 0.013494895
A94: 46204 | B94: 1137673 | C94: 3405326 | D94: 6162368800 | E94: =IFERROR(C94/B94,"") -> 2.993238 | F94: =IFERROR(D94/B94,"") -> 5416.6433 | G94: =IFERROR(F94/E94,"") -> 1809.6267 | H94: 0.47840121 | I94: =(B94/('Consumidores Inadimplentes'!B130*1000000)) -> 0.013554712
A95: 46235
A96: 46266
A97: 46296
A98: 46327
A99: 46357

Sheet AM
A2: Indicador Serasa Experian de Inadimplência do Consumidor - Amazonas
A3: Mês | B3: Consumidores Inadimplentes | C3: Dívidas Negativadas | D3: Dívidas Negativadas (R$) | E3: Dívida Média (por CPF) | F3: Dívida Média (R$) | G3: Ticket Médio (R$) | H3: % da População Adulta | I3: % da População Inadimplente
A4: 43466 | B4: 1311643 | C4: 4314306 | D4: 4.218828e+09 | E4: =C4/B4 -> 3.289238 | F4: =D4/B4 -> 3216.4453 | G4: =F4/E4 -> 977.86944 | H4: 0.50089 | I4: =(B4/('Consumidores Inadimplentes'!B40*1000000)) -> 0.021095516
A5: 43497 | B5: 1317052 | C5: 4343199 | D5: 4.2069573e+09 | E5: =C5/B5 -> 3.2976671 | F5: =D5/B5 -> 3194.2226 | G5: =F5/E5 -> 968.63103 | H5: 0.50194741 | I5: =(B5/('Consumidores Inadimplentes'!B41*1000000)) -> 0.021183698
A6: 43525 | B6: 1335918 | C6: 4447182 | D6: 4.2876482e+09 | E6: =C6/B6 -> 3.3289334 | F6: =D6/B6 -> 3209.5145 | G6: =F6/E6 -> 964.12699 | H6: 0.50805479 | I6: =(B6/('Consumidores Inadimplentes'!B42*1000000)) -> 0.021218492
A7: 43556 | B7: 1339201 | C7: 4482756 | D7: 4.3826172e+09 | E7: =C7/B7 -> 3.3473362 | F7: =D7/B7 -> 3272.5612 | G7: =F7/E7 -> 977.66133 | H7: 0.5081 | I7: =(B7/('Consumidores Inadimplentes'!B43*1000000)) -> 0.021188078
A8: 43586 | B8: 1352166 | C8: 4559707 | D8: 4.4108136e+09 | E8: =C8/B8 -> 3.3721503 | F8: =D8/B8 -> 3262.0356 | G8: =F8/E8 -> 967.34585 | H8: 0.50801827 | I8: =(B8/('Consumidores Inadimplentes'!B44*1000000)) -> 0.021336081
A9: 43617 | B9: 1381690 | C9: 4680307 | D9: 4.5760299e+09 | E9: =C9/B9 -> 3.3873785 | F9: =D9/B9 -> 3311.9078 | G9: =F9/E9 -> 977.72002 | H9: 0.52081789 | I9: =(B9/('Consumidores Inadimplentes'!B45*1000000)) -> 0.021775845
A10: 43647 | B10: 1456846 | C10: 5053043 | D10: 5.1936999e+09 | E10: =C10/B10 -> 3.4684812 | F10: =D10/B10 -> 3565.0302 | G10: =F10/E10 -> 1027.8361 | H10: 0.54548328 | I10: =(B10/('Consumidores Inadimplentes'!B46*1000000)) -> 0.022955699
A11: 43678 | B11: 1454265 | C11: 5071979 | D11: 5.2184101e+09 | E11: =C11/B11 -> 3.487658 | F11: =D11/B11 -> 3588.3488 | G11: =F11/E11 -> 1028.8706 | H11: 0.54635159 | I11: =(B11/('Consumidores Inadimplentes'!B47*1000000)) -> 0.02292783
A12: 43709 | B12: 1456620 | C12: 5094800 | D12: 5.1676508e+09 | E12: =C12/B12 -> 3.4976864 | F12: =D12/B12 -> 3547.7 | G12: =F12/E12 -> 1014.299 | H12: 0.54620029 | I12: =(B12/('Consumidores Inadimplentes'!B48*1000000)) -> 0.023045375
A13: 43739 | B13: 1464975 | C13: 5149157 | D13: 5.1612219e+09 | E13: =C13/B13 -> 3.5148429 | F13: =D13/B13 -> 3523.0785 | G13: =F13/E13 -> 1002.3431 | H13: 0.54856061 | I13: =(B13/('Consumidores Inadimplentes'!B49*1000000)) -> 0.022943503
A14: 43770 | B14: 1506878 | C14: 5420895 | D14: 5.2988619e+09 | E14: =C14/B14 -> 3.5974346 | F14: =D14/B14 -> 3516.4505 | G14: =F14/E14 -> 977.48838 | H14: 0.56332014 | I14: =(B14/('Consumidores Inadimplentes'!B50*1000000)) -> 0.023603621
A15: 43800 | B15: 1486921 | C15: 5339362 | D15: 5.2557185e+09 | E15: =C15/B15 -> 3.5908848 | F15: =D15/B15 -> 3534.632 | G15: =F15/E15 -> 984.33456 | H15: 0.5549424 | I15: =(B15/('Consumidores Inadimplentes'!B51*1000000)) -> 0.023487339
... A83: 45870 | B83: 1687120 | C83: 7378162 | D83: 9216159057 | E83: =C83/B83 -> 4.3732289 | F83: =D83/B83 -> 5462.6577 | G83: =F83/E83 -> 1249.1131 | H83: 0.56915635 | I83: =(B83/('Consumidores Inadimplentes'!B119*1000000)) -> 0.02139689
A84: 45901 | B84: 1701290 | C84: 7378248 | D84: 9323631874 | E84: =IFERROR(C84/B84,"") -> 4.336855 | F84: =IFERROR(D84/B84,"") -> 5480.3307 | G84: =IFERROR(F84/E84,"") -> 1263.6647 | H84: 0.57306765 | I84: =(B84/('Consumidores Inadimplentes'!B120*1000000)) -> 0.021489901
A85: 45931 | B85: 1726646 | C85: 7502711 | D85: 9551943201 | E85: =IFERROR(C85/B85,"") -> 4.3452514 | F85: =IFERROR(D85/B85,"") -> 5532.0797 | G85: =IFERROR(F85/E85,"") -> 1273.1322 | H85: 0.58072799 | I85: =(B85/('Consumidores Inadimplentes'!B121*1000000)) -> 0.021465943
A86: 45962 | B86: 1732294 | C86: 7513417 | D86: 9714480877 | E86: =IFERROR(C86/B86,"") -> 4.3372643 | F86: =IFERROR(D86/B86,"") -> 5607.8708 | G86: =IFERROR(F86/E86,"") -> 1292.9511 | H86: 0.58174536 | I86: =(B86/('Consumidores Inadimplentes'!B122*1000000)) -> 0.021489851
A87: 45992 | B87: 1737276 | C87: 7566331 | D87: 9714187433 | E87: =IFERROR(C87/B87,"") -> 4.3552844 | F87: =IFERROR(D87/B87,"") -> 5591.6201 | G87: =IFERROR(F87/E87,"") -> 1283.8703 | H87: 0.58253517 | I87: =(B87/('Consumidores Inadimplentes'!B123*1000000)) -> 0.021382381
A88: 46023 | B88: 1751815 | C88: 7623080 | D88: 9915039652 | E88: =IFERROR(C88/B88,"") -> 4.3515326 | F88: =IFERROR(D88/B88,"") -> 5659.8669 | G88: =IFERROR(F88/E88,"") -> 1300.6606 | H88: 0.58652098 | I88: =(B88/('Consumidores Inadimplentes'!B124*1000000)) -> 0.021542417
A89: 46054 | B89: 1759071 | C89: 7699952 | D89: 10175598694 | E89: =IFERROR(C89/B89,"") -> 4.3772832 | F89: =IFERROR(D89/B89,"") -> 5784.6435 | G89: =IFERROR(F89/E89,"") -> 1321.5146 | H89: 0.58805865 | I89: =(B89/('Consumidores Inadimplentes'!B125*1000000)) -> 0.021522449
A90: 46082 | B90: 1800624 | C90: 7934041 | D90: 10562602643 | E90: =IFERROR(C90/B90,"") -> 4.406273 | F90: =IFERROR(D90/B90,"") -> 5866.079 | G90: =IFERROR(F90/E90,"") -> 1331.3017 | H90: 0.60103843 | I90: =(B90/('Consumidores Inadimplentes'!B126*1000000)) -> 0.021738137
A91: 46113 | B91: 1815169 | C91: 8032857 | D91: 10832802057 | E91: =IFERROR(C91/B91,"") -> 4.4254045 | F91: =IFERROR(D91/B91,"") -> 5967.9303 | G91: =IFERROR(F91/E91,"") -> 1348.5615 | H91: 0.60497607 | I91: =(B91/('Consumidores Inadimplentes'!B127*1000000)) -> 0.021767437
A92: 46143 | B92: 1814950 | C92: 8033395 | D92: 10994817989 | E92: =IFERROR(C92/B92,"") -> 4.4262349 | F92: =IFERROR(D92/B92,"") -> 6057.9178 | G92: =IFERROR(F92/E92,"") -> 1368.639 | H92: 0.60398716 | I92: =(B92/('Consumidores Inadimplentes'!B128*1000000)) -> 0.021735187
A93: 46174 | B93: 1812345 | C93: 8022582 | D93: 11099523387 | E93: =IFERROR(C93/B93,"") -> 4.4266307 | F93: =IFERROR(D93/B93,"") -> 6124.3987 | G93: =IFERROR(F93/E93,"") -> 1383.535 | H93: 0.60220701 | I93: =(B93/('Consumidores Inadimplentes'!B129*1000000)) -> 0.021643147
A94: 46204 | B94: 1831625 | C94: 8149691 | D94: 11287585886 | E94: =IFERROR(C94/B94,"") -> 4.4494321 | F94: =IFERROR(D94/B94,"") -> 6162.6075 | G94: =IFERROR(F94/E94,"") -> 1385.0324 | H94: 0.60769179 | I94: =(B94/('Consumidores Inadimplentes'!B130*1000000)) -> 0.021822747
A95: 46235
A96: 46266
A97: 46296
A98: 46327
A99: 46357

Sheet AP
A2: Indicador Serasa Experian de Inadimplência do Consumidor - Amapá
A3: Mês | B3: Consumidores Inadimplentes | C3: Dívidas Negativadas | D3: Dívidas Negativadas (R$) | E3: Dívida Média (por CPF) | F3: Dívida Média (R$) | G3: Ticket Médio (R$) | H3: % da População Adulta | I3: % da População Inadimplente
A4: 43466 | B4: 269548 | C4: 1116041 | D4: 1.0512039e+09 | E4: =C4/B4 -> 4.1404165 | F4: =D4/B4 -> 3899.8765 | G4: =F4/E4 -> 941.9044 | H4: 0.53976523 | I4: =(B4/('Consumidores Inadimplentes'!B40*1000000)) -> 0.0043352148
A5: 43497 | B5: 269239 | C5: 1134180 | D5: 1.0409792e+09 | E5: =C5/B5 -> 4.2125398 | F5: =D5/B5 -> 3866.376 | G5: =F5/E5 -> 917.82541 | H5: 0.53823288 | I5: =(B5/('Consumidores Inadimplentes'!B41*1000000)) -> 0.0043304878
A6: 43525 | B6: 270498 | C6: 1175882 | D6: 1.0722074e+09 | E6: =C6/B6 -> 4.3471005 | F6: =D6/B6 -> 3963.8274 | G6: =F6/E6 -> 911.83247 | H6: 0.5397518 | I6: =(B6/('Consumidores Inadimplentes'!B42*1000000)) -> 0.0042963414
A7: 43556 | B7: 271852 | C7: 1203775 | D7: 1.0821325e+09 | E7: =C7/B7 -> 4.4280528 | F7: =D7/B7 -> 3980.5941 | G7: =F7/E7 -> 898.94911 | H7: 0.54138433 | I7: =(B7/('Consumidores Inadimplentes'!B43*1000000)) -> 0.0043010879
A8: 43586 | B8: 272756 | C8: 1200510 | D8: 1.0916523e+09 | E8: =C8/B8 -> 4.4014064 | F8: =D8/B8 -> 4002.3033 | G8: =F8/E8 -> 909.32375 | H8: 0.53929556 | I8: =(B8/('Consumidores Inadimplentes'!B44*1000000)) -> 0.0043038681
A9: 43617 | B9: 273961 | C9: 1194670 | D9: 1.0921862e+09 | E9: =C9/B9 -> 4.3607302 | F9: =D9/B9 -> 3986.6485 | G9: =F9/E9 -> 914.21582 | H9: 0.54333739 | I9: =(B9/('Consumidores Inadimplentes'!B45*1000000)) -> 0.0043177067
A10: 43647 | B10: 271423 | C10: 1179862 | D10: 1.0876299e+09 | E10: =C10/B10 -> 4.3469492 | F10: =D10/B10 -> 4007.1396 | G10: =F10/E10 -> 921.82803 | H10: 0.5371005 | I10: =(B10/('Consumidores Inadimplentes'!B46*1000000)) -> 0.0042768452
A11: 43678 | B11: 273740 | C11: 1183483 | D11: 1.095967e+09 | E11: =C11/B11 -> 4.3233835 | F11: =D11/B11 -> 4003.6786 | G11: =F11/E11 -> 926.05215 | H11: 0.54087804 | I11: =(B11/('Consumidores Inadimplentes'!B47*1000000)) -> 0.0043157638
A12: 43709 | B12: 272345 | C12: 1185109 | D12: 1.078053e+09 | E12: =C12/B12 -> 4.351499 | F12: =D12/B12 -> 3958.4095 | G12: =F12/E12 -> 909.66572 | H12: 0.53735722 | I12: =(B12/('Consumidores Inadimplentes'!B48*1000000)) -> 0.0043088057
A13: 43739 | B13: 275380 | C13: 1184658 | D13: 1.0771021e+09 | E13: =C13/B13 -> 4.3019028 | F13: =D13/B13 -> 3911.3301 | G13: =F13/E13 -> 909.20931 | H13: 0.54257365 | I13: =(B13/('Consumidores Inadimplentes'!B49*1000000)) -> 0.0043128257
A14: 43770 | B14: 273541 | C14: 1192241 | D14: 1.077671e+09 | E14: =C14/B14 -> 4.3585459 | F14: =D14/B14 -> 3939.7055 | G14: =F14/E14 -> 903.90364 | H14: 0.53818473 | I14: =(B14/('Consumidores Inadimplentes'!B50*1000000)) -> 0.0042847251
A15: 43800 | B15: 272721 | C15: 1177641 | D15: 1.0619659e+09 | E15: =C15/B15 -> 4.3181163 | F15: =D15/B15 -> 3893.9644 | G15: =F15/E15 -> 901.77386 | H15: 0.53580922 | I15: =(B15/('Consumidores Inadimplentes'!B51*1000000)) -> 0.0043078889
... A83: 45870 | B83: 356905 | C83: 1539095 | D83: 1912587369 | E83: =C83/B83 -> 4.312338 | F83: =D83/B83 -> 5358.8136 | G83: =F83/E83 -> 1242.6701 | H83: 0.64624274 | I83: =(B83/('Consumidores Inadimplentes'!B119*1000000)) -> 0.0045264456
A84: 45901 | B84: 355848 | C84: 1507045 | D84: 1935647610 | E84: =IFERROR(C84/B84,"") -> 4.2350807 | F84: =IFERROR(D84/B84,"") -> 5439.5349 | G84: =IFERROR(F84/E84,"") -> 1284.3993 | H84: 0.6436261 | I84: =(B84/('Consumidores Inadimplentes'!B120*1000000)) -> 0.0044949059
A85: 45931 | B85: 362516 | C85: 1535015 | D85: 1998837014 | E85: =IFERROR(C85/B85,"") -> 4.2343372 | F85: =IFERROR(D85/B85,"") -> 5513.7898 | G85: =IFERROR(F85/E85,"") -> 1302.1612 | H85: 0.65497106 | I85: =(B85/('Consumidores Inadimplentes'!B121*1000000)) -> 0.0045068577
A86: 45962 | B86: 361262 | C86: 1498734 | D86: 2032514356 | E86: =IFERROR(C86/B86,"") -> 4.1486068 | F86: =IFERROR(D86/B86,"") -> 5626.1504 | G86: =IFERROR(F86/E86,"") -> 1356.1542 | H86: 0.65199273 | I86: =(B86/('Consumidores Inadimplentes'!B122*1000000)) -> 0.0044816102
A87: 45992 | B87: 366222 | C87: 1493283 | D87: 2086155204 | E87: =IFERROR(C87/B87,"") -> 4.0775349 | F87: =IFERROR(D87/B87,"") -> 5696.4224 | G87: =IFERROR(F87/E87,"") -> 1397.026 | H87: 0.66022347 | I87: =(B87/('Consumidores Inadimplentes'!B123*1000000)) -> 0.0045074578
A88: 46023 | B88: 354990 | C88: 1396176 | D88: 1881937728 | E88: =IFERROR(C88/B88,"") -> 3.9330009 | F88: =IFERROR(D88/B88,"") -> 5301.3824 | G88: =IFERROR(F88/E88,"") -> 1347.923 | H88: 0.63927607 | I88: =(B88/('Consumidores Inadimplentes'!B124*1000000)) -> 0.0043653826
A89: 46054 | B89: 357306 | C89: 1392072 | D89: 1949371011 | E89: =IFERROR(C89/B89,"") -> 3.8960219 | F89: =IFERROR(D89/B89,"") -> 5455.7466 | G89: =IFERROR(F89/E89,"") -> 1400.3378 | H89: 0.6427442 | I89: =(B89/('Consumidores Inadimplentes'!B125*1000000)) -> 0.0043716827
A90: 46082 | B90: 362350 | C90: 1400017 | D90: 2052942059 | E90: =IFERROR(C90/B90,"") -> 3.8637146 | F90: =IFERROR(D90/B90,"") -> 5665.6328 | G90: =IFERROR(F90/E90,"") -> 1466.3694 | H90: 0.65110671 | I90: =(B90/('Consumidores Inadimplentes'!B126*1000000)) -> 0.0043744912
A91: 46113 | B91: 365598 | C91: 1396887 | D91: 2069178238 | E91: =IFERROR(C91/B91,"") -> 3.8208278 | F91: =IFERROR(D91/B91,"") -> 5659.7089 | G91: =IFERROR(F91/E91,"") -> 1481.2782 | H91: 0.6562261 | I91: =(B91/('Consumidores Inadimplentes'!B127*1000000)) -> 0.0043842372
A92: 46143 | B92: 363407 | C92: 1359718 | D92: 2051593735 | E92: =IFERROR(C92/B92,"") -> 3.7415845 | F92: =IFERROR(D92/B92,"") -> 5645.4436 | G92: =IFERROR(F92/E92,"") -> 1508.8377 | H92: 0.65158114 | I92: =(B92/('Consumidores Inadimplentes'!B128*1000000)) -> 0.0043520313
A93: 46174 | B93: 363606 | C93: 1335692 | D93: 2074133837 | E93: =IFERROR(C93/B93,"") -> 3.6734597 | F93: =IFERROR(D93/B93,"") -> 5704.3444 | G93: =IFERROR(F93/E93,"") -> 1552.8534 | H93: 0.65122685 | I93: =(B93/('Consumidores Inadimplentes'!B129*1000000)) -> 0.0043422074
A94: 46204 | B94: 362541 | C94: 1315232 | D94: 2089119501 | E94: =IFERROR(C94/B94,"") -> 3.6278159 | F94: =IFERROR(D94/B94,"") -> 5762.4365 | G94: =IFERROR(F94/E94,"") -> 1588.4038 | H94: 0.64861079 | I94: =(B94/('Consumidores Inadimplentes'!B130*1000000)) -> 0.0043194652
A95: 46235
A96: 46266
A97: 46296
A98: 46327
A99: 46357

Sheet BA
A2: Indicador Serasa Experian de Inadimplência do Consumidor - Bahia
A3: Mês | B3: Consumidores Inadimplentes | C3: Dívidas Negativadas | D3: Dívidas Negativadas (R$) | E3: Dívida Média (por CPF) | F3: Dívida Média (R$) | G3: Ticket Médio (R$) | H3: % da População Adulta | I3: % da População Inadimplente
A4: 43466 | B4: 3982920 | C4: 13242724 | D4: 1.0036048e+10 | E4: =C4/B4 -> 3.3248782 | F4: =D4/B4 -> 2519.7714 | G4: =F4/E4 -> 757.85375 | H4: 0.37123185 | I4: =(B4/('Consumidores Inadimplentes'!B40*1000000)) -> 0.0640584
A5: 43497 | B5: 3958677 | C5: 13092028 | D5: 1.0008016e+10 | E5: =C5/B5 -> 3.3071726 | F5: =D5/B5 -> 2528.1214 | G5: =F5/E5 -> 764.43588 | H5: 0.36857522 | I5: =(B5/('Consumidores Inadimplentes'!B41*1000000)) -> 0.063672063
A6: 43525 | B6: 3997409 | C6: 13214788 | D6: 1.0356342e+10 | E6: =C6/B6 -> 3.3058384 | F6: =D6/B6 -> 2590.7637 | G6: =F6/E6 -> 783.69341 | H6: 0.37168371 | I6: =(B6/('Consumidores Inadimplentes'!B42*1000000)) -> 0.063491167
A7: 43556 | B7: 4057562 | C7: 13238374 | D7: 1.0318723e+10 | E7: =C7/B7 -> 3.2626424 | F7: =D7/B7 -> 2543.0844 | G7: =F7/E7 -> 779.45544 | H7: 0.37660786 | I7: =(B7/('Consumidores Inadimplentes'!B43*1000000)) -> 0.064196441
A8: 43586 | B8: 4073306 | C8: 13209493 | D8: 1.0584385e+10 | E8: =C8/B8 -> 3.2429415 | F8: =D8/B8 -> 2598.4754 | G8: =F8/E8 -> 801.27112 | H8: 0.37517322 | I8: =(B8/('Consumidores Inadimplentes'!B44*1000000)) -> 0.064273459
A9: 43617 | B9: 4086651 | C9: 13120269 | D9: 1.0624394e+10 | E9: =C9/B9 -> 3.2105186 | F9: =D9/B9 -> 2599.7801 | G9: =F9/E9 -> 809.76953 | H9: 0.3775631 | I9: =(B9/('Consumidores Inadimplentes'!B45*1000000)) -> 0.064406833
A10: 43647 | B10: 4046120 | C10: 12964607 | D10: 1.0621966e+10 | E10: =C10/B10 -> 3.2042072 | F10: =D10/B10 -> 2625.2227 | G10: =F10/E10 -> 819.3049 | H10: 0.37172255 | I10: =(B10/('Consumidores Inadimplentes'!B46*1000000)) -> 0.063755204
A11: 43678 | B11: 4016549 | C11: 12882357 | D11: 1.0729448e+10 | E11: =C11/B11 -> 3.2073198 | F11: =D11/B11 -> 2671.3102 | G11: =F11/E11 -> 832.8793 | H11: 0.36992312 | I11: =(B11/('Consumidores Inadimplentes'!B47*1000000)) -> 0.063324602
A12: 43709 | B12: 3966676 | C12: 12597163 | D12: 1.0515063e+10 | E12: =C12/B12 -> 3.1757479 | F12: =D12/B12 -> 2650.8501 | G12: =F12/E12 -> 834.71678 | H12: 0.36778065 | I12: =(B12/('Consumidores Inadimplentes'!B48*1000000)) -> 0.062757298
A13: 43739 | B13: 4009454 | C13: 12718545 | D13: 1.0699057e+10 | E13: =C13/B13 -> 3.1721389 | F13: =D13/B13 -> 2668.4574 | G13: =F13/E13 -> 841.21707 | H13: 0.36864363 | I13: =(B13/('Consumidores Inadimplentes'!B49*1000000)) -> 0.062793508
A14: 43770 | B14: 4030634 | C14: 12652731 | D14: 1.0848012e+10 | E14: =C14/B14 -> 3.1391416 | F14: =D14/B14 -> 2691.3909 | G14: =F14/E14 -> 857.36523 | H14: 0.37027673 | I14: =(B14/('Consumidores Inadimplentes'!B50*1000000)) -> 0.06313554
A15: 43800 | B15: 3951191 | C15: 12395578 | D15: 1.0851225e+10 | E15: =C15/B15 -> 3.1371751 | F15: =D15/B15 -> 2746.3174 | G15: =F15/E15 -> 875.41095 | H15: 0.36267083 | I15: =(B15/('Consumidores Inadimplentes'!B51*1000000)) -> 0.062412839
... A83: 45870 | B83: 4949309 | C83: 14765495 | D83: 22136545939 | E83: =C83/B83 -> 2.9833447 | F83: =D83/B83 -> 4472.6538 | G83: =F83/E83 -> 1499.2078 | H83: 0.43425493 | I83: =(B83/('Consumidores Inadimplentes'!B119*1000000)) -> 0.062769583
A84: 45901 | B84: 4967399 | C84: 14714387 | D84: 22356785437 | E84: =IFERROR(C84/B84,"") -> 2.9621915 | F84: =IFERROR(D84/B84,"") -> 4500.7026 | G84: =IFERROR(F84/E84,"") -> 1519.3827 | H84: 0.43558506 | I84: =(B84/('Consumidores Inadimplentes'!B120*1000000)) -> 0.062745866
A85: 45931 | B85: 5046908 | C85: 15057910 | D85: 22768083836 | E85: =IFERROR(C85/B85,"") -> 2.9835911 | F85: =IFERROR(D85/B85,"") -> 4511.2936 | G85: =IFERROR(F85/E85,"") -> 1512.0348 | H85: 0.44229605 | I85: =(B85/('Consumidores Inadimplentes'!B121*1000000)) -> 0.062743978
A86: 45962 | B86: 5020140 | C86: 14805866 | D86: 22132013092 | E86: =IFERROR(C86/B86,"") -> 2.9492934 | F86: =IFERROR(D86/B86,"") -> 4408.6446 | G86: =IFERROR(F86/E86,"") -> 1494.8138 | H86: 0.43969066 | I86: =(B86/('Consumidores Inadimplentes'!B122*1000000)) -> 0.062276992
A87: 45992 | B87: 5034497 | C87: 14765842 | D87: 21962567229 | E87: =IFERROR(C87/B87,"") -> 2.9329329 | F87: =IFERROR(D87/B87,"") -> 4362.4154 | G87: =IFERROR(F87/E87,"") -> 1487.3901 | H87: 0.44068801 | I87: =(B87/('Consumidores Inadimplentes'!B123*1000000)) -> 0.061964553
A88: 46023 | B88: 4972121 | C88: 14345402 | D88: 20872160639 | E88: =IFERROR(C88/B88,"") -> 2.8851675 | F88: =IFERROR(D88/B88,"") -> 4197.8384 | G88: =IFERROR(F88/E88,"") -> 1454.9722 | H88: 0.43497128 | I88: =(B88/('Consumidores Inadimplentes'!B124*1000000)) -> 0.06114316
A89: 46054 | B89: 4987714 | C89: 14508775 | D89: 21448409502 | E89: =IFERROR(C89/B89,"") -> 2.9089028 | F89: =IFERROR(D89/B89,"") -> 4300.2485 | G89: =IFERROR(F89/E89,"") -> 1478.306 | H89: 0.43607799 | I89: =(B89/('Consumidores Inadimplentes'!B125*1000000)) -> 0.061025292
A90: 46082 | B90: 5047365 | C90: 14823251 | D90: 22106301793 | E90: =IFERROR(C90/B90,"") -> 2.9368296 | F90: =IFERROR(D90/B90,"") -> 4379.7708 | G90: =IFERROR(F90/E90,"") -> 1491.3261 | H90: 0.44103299 | I90: =(B90/('Consumidores Inadimplentes'!B126*1000000)) -> 0.060934604
A91: 46113 | B91: 5117754 | C91: 15221666 | D91: 22815944944 | E91: =IFERROR(C91/B91,"") -> 2.9742864 | F91: =IFERROR(D91/B91,"") -> 4458.1949 | G91: =IFERROR(F91/E91,"") -> 1498.9125 | H91: 0.44691971 | I91: =(B91/('Consumidores Inadimplentes'!B127*1000000)) -> 0.06137191
A92: 46143 | B92: 5179426 | C92: 15493753 | D92: 23186532825 | E92: =IFERROR(C92/B92,"") -> 2.9914035 | F92: =IFERROR(D92/B92,"") -> 4476.6607 | G92: =IFERROR(F92/E92,"") -> 1496.5085 | H92: 0.45203854 | I92: =(B92/('Consumidores Inadimplentes'!B128*1000000)) -> 0.06202694
A93: 46174 | B93: 5194983 | C93: 15551695 | D93: 23279304598 | E93: =IFERROR(C93/B93,"") -> 2.9935988 | F93: =IFERROR(D93/B93,"") -> 4481.1128 | G93: =IFERROR(F93/E93,"") -> 1496.8982 | H93: 0.45312884 | I93: =(B93/('Consumidores Inadimplentes'!B129*1000000)) -> 0.062038838
A94: 46204 | B94: 5239780 | C94: 15823095 | D94: 23833575376 | E94: =IFERROR(C94/B94,"") -> 3.0198014 | F94: =IFERROR(D94/B94,"") -> 4548.5832 | G94: =IFERROR(F94/E94,"") -> 1506.2524 | H94: 0.45676666 | I94: =(B94/('Consumidores Inadimplentes'!B130*1000000)) -> 0.062428932
A95: 46235
A96: 46266
A97: 46296
A98: 46327
A99: 46357

Sheet CE
A2: Indicador Serasa Experian de Inadimplência do Consumidor - Ceará
A3: Mês | B3: Consumidores Inadimplentes | C3: Dívidas Negativadas | D3: Dívidas Negativadas (R$) | E3: Dívida Média (por CPF) | F3: Dívida Média (R$) | G3: Ticket Médio (R$) | H3: % da População Adulta | I3: % da População Inadimplente
A4: 43466 | B4: 2428671 | C4: 7984109 | D4: 7.3772514e+09 | E4: =C4/B4 -> 3.2874395 | F4: =D4/B4 -> 3037.5672 | G4: =F4/E4 -> 923.99182 | H4: 0.37066882 | I4: =(B4/('Consumidores Inadimplentes'!B40*1000000)) -> 0.039060985
A5: 43497 | B5: 2428001 | C5: 8005727 | D5: 7.3145334e+09 | E5: =C5/B5 -> 3.2972503 | F5: =D5/B5 -> 3012.5743 | G5: =F5/E5 -> 913.66261 | H5: 0.37011615 | I5: =(B5/('Consumidores Inadimplentes'!B41*1000000)) -> 0.039052399
A6: 43525 | B6: 2462740 | C6: 8106614 | D6: 7.4938891e+09 | E6: =C6/B6 -> 3.2917052 | F6: =D6/B6 -> 3042.9071 | G6: =F6/E6 -> 924.41667 | H6: 0.37483496 | I6: =(B6/('Consumidores Inadimplentes'!B42*1000000)) -> 0.039115896
A7: 43556 | B7: 2528830 | C7: 8185086 | D7: 7.4823654e+09 | E7: =C7/B7 -> 3.2367087 | F7: =D7/B7 -> 2958.825 | G7: =F7/E7 -> 914.14622 | H7: 0.38415429 | I7: =(B7/('Consumidores Inadimplentes'!B43*1000000)) -> 0.040009712
A8: 43586 | B8: 2505979 | C8: 8132198 | D8: 7.6400823e+09 | E8: =C8/B8 -> 3.2451182 | F8: =D8/B8 -> 3048.7415 | G8: =F8/E8 -> 939.48552 | H8: 0.37757549 | I8: =(B8/('Consumidores Inadimplentes'!B44*1000000)) -> 0.039542313
A9: 43617 | B9: 2518497 | C9: 8144403 | D9: 7.6976635e+09 | E9: =C9/B9 -> 3.2338347 | F9: =D9/B9 -> 3056.4513 | G9: =F9/E9 -> 945.14767 | H9: 0.38195996 | I9: =(B9/('Consumidores Inadimplentes'!B45*1000000)) -> 0.039692261
A10: 43647 | B10: 2464511 | C10: 7977807 | D10: 7.6724582e+09 | E10: =C10/B10 -> 3.237075 | F10: =D10/B10 -> 3113.1767 | G10: =F10/E10 -> 961.72522 | H10: 0.37294673 | I10: =(B10/('Consumidores Inadimplentes'!B46*1000000)) -> 0.038833599
A11: 43678 | B11: 2432650 | C11: 7723485 | D11: 7.8061925e+09 | E11: =C11/B11 -> 3.1749265 | F11: =D11/B11 -> 3208.9255 | G11: =F11/E11 -> 1010.7086 | H11: 0.36668706 | I11: =(B11/('Consumidores Inadimplentes'!B47*1000000)) -> 0.038352972
A12: 43709 | B12: 2396269 | C12: 7526030 | D12: 7.6877195e+09 | E12: =C12/B12 -> 3.1407284 | F12: =D12/B12 -> 3208.2039 | G12: =F12/E12 -> 1021.484 | H12: 0.36085427 | I12: =(B12/('Consumidores Inadimplentes'!B48*1000000)) -> 0.037911684
A13: 43739 | B13: 2413621 | C13: 7523278 | D13: 7.7460576e+09 | E13: =C13/B13 -> 3.1170088 | F13: =D13/B13 -> 3209.3098 | G13: =F13/E13 -> 1029.612 | H13: 0.36311625 | I13: =(B13/('Consumidores Inadimplentes'!B49*1000000)) -> 0.03780059
A14: 43770 | B14: 2368030 | C14: 7326159 | D14: 7.6803556e+09 | E14: =C14/B14 -> 3.093778 | F14: =D14/B14 -> 3243.3523 | G14: =F14/E14 -> 1048.3468 | H14: 0.35591325 | I14: =(B14/('Consumidores Inadimplentes'!B50*1000000)) -> 0.037092639
A15: 43800 | B15: 2344545 | C15: 7160246 | D15: 7.6524737e+09 | E15: =C15/B15 -> 3.0540024 | F15: =D15/B15 -> 3263.9483 | G15: =F15/E15 -> 1068.7445 | H15: 0.35204314 | I15: =(B15/('Consumidores Inadimplentes'!B51*1000000)) -> 0.037034329
... A83: 45870 | B83: 3645164 | C83: 13489588 | D83: 17789336156 | E83: =C83/B83 -> 3.7006807 | F83: =D83/B83 -> 4880.2567 | G83: =F83/E83 -> 1318.7457 | H83: 0.5181092 | I83: =(B83/('Consumidores Inadimplentes'!B119*1000000)) -> 0.046229772
A84: 45901 | B84: 3684260 | C84: 13717957 | D84: 17919011907 | E84: =IFERROR(C84/B84,"") -> 3.7233955 | F84: =IFERROR(D84/B84,"") -> 4863.6665 | G84: =IFERROR(F84/E84,"") -> 1306.2449 | H84: 0.52326609 | I84: =(B84/('Consumidores Inadimplentes'!B120*1000000)) -> 0.046537853
A85: 45931 | B85: 3654332 | C85: 13836024 | D85: 18251504235 | E85: =IFERROR(C85/B85,"") -> 3.7861979 | F85: =IFERROR(D85/B85,"") -> 4994.4844 | G85: =IFERROR(F85/E85,"") -> 1319.1293 | H85: 0.51861899 | I85: =(B85/('Consumidores Inadimplentes'!B121*1000000)) -> 0.045431248
A86: 45962 | B86: 3637489 | C86: 13580112 | D86: 17720290645 | E86: =IFERROR(C86/B86,"") -> 3.7333754 | F86: =IFERROR(D86/B86,"") -> 4871.5723 | G86: =IFERROR(F86/E86,"") -> 1304.8707 | H86: 0.51583421 | I86: =(B86/('Consumidores Inadimplentes'!B122*1000000)) -> 0.045124613
A87: 45992 | B87: 3707573 | C87: 13972363 | D87: 18045338470 | E87: =IFERROR(C87/B87,"") -> 3.7686009 | F87: =IFERROR(D87/B87,"") -> 4867.1566 | G87: =IFERROR(F87/E87,"") -> 1291.5023 | H87: 0.52537114 | I87: =(B87/('Consumidores Inadimplentes'!B123*1000000)) -> 0.045632782
A88: 46023 | B88: 3578465 | C88: 13340434 | D88: 17606163413 | E88: =IFERROR(C88/B88,"") -> 3.7279767 | F88: =IFERROR(D88/B88,"") -> 4920.0323 | G88: =IFERROR(F88/E88,"") -> 1319.7594 | H88: 0.50668883 | I88: =(B88/('Consumidores Inadimplentes'!B124*1000000)) -> 0.044005095
A89: 46054 | B89: 3655105 | C89: 13761574 | D89: 18150664353 | E89: =IFERROR(C89/B89,"") -> 3.7650284 | F89: =IFERROR(D89/B89,"") -> 4965.8394 | G89: =IFERROR(F89/E89,"") -> 1318.9381 | H89: 0.51714517 | I89: =(B89/('Consumidores Inadimplentes'!B125*1000000)) -> 0.044720657
A90: 46082 | B90: 3768231 | C90: 14390338 | D90: 18876610861 | E90: =IFERROR(C90/B90,"") -> 3.8188577 | F90: =IFERROR(D90/B90,"") -> 5009.4092 | G90: =IFERROR(F90/E90,"") -> 1311.7559 | H90: 0.53274355 | I90: =(B90/('Consumidores Inadimplentes'!B126*1000000)) -> 0.045492185
A91: 46113 | B91: 3762991 | C91: 14515687 | D91: 19171346047 | E91: =IFERROR(C91/B91,"") -> 3.8574865 | F91: =IFERROR(D91/B91,"") -> 5094.7095 | G91: =IFERROR(F91/E91,"") -> 1320.7329 | H91: 0.53159629 | I91: =(B91/('Consumidores Inadimplentes'!B127*1000000)) -> 0.045125644
A92: 46143 | B92: 3714610 | C92: 14393392 | D92: 19214312741 | E92: =IFERROR(C92/B92,"") -> 3.8748057 | F92: =IFERROR(D92/B92,"") -> 5172.6326 | G92: =IFERROR(F92/E92,"") -> 1334.9399 | H92: 0.52436063 | I92: =(B92/('Consumidores Inadimplentes'!B128*1000000)) -> 0.044484831
A93: 46174 | B93: 3732833 | C93: 14424032 | D93: 19341291105 | E93: =IFERROR(C93/B93,"") -> 3.8640979 | F93: =IFERROR(D93/B93,"") -> 5181.3974 | G93: =IFERROR(F93/E93,"") -> 1340.9074 | H93: 0.52653047 | I93: =(B93/('Consumidores Inadimplentes'!B129*1000000)) -> 0.044577744
A94: 46204 | B94: 3735018 | C94: 14521040 | D94: 19416651813 | E94: =IFERROR(C94/B94,"") -> 3.8878099 | F94: =IFERROR(D94/B94,"") -> 5198.543 | G94: =IFERROR(F94/E94,"") -> 1337.1392 | H94: 0.52643605 | I94: =(B94/('Consumidores Inadimplentes'!B130*1000000)) -> 0.044500568
A95: 46235
A96: 46266
A97: 46296
A98: 46327
A99: 46357

Sheet DF
A2: Indicador Serasa Experian de Inadimplência do Consumidor - Distrito Federal
A3: Mês | B3: Consumidores Inadimplentes | C3: Dívidas Negativadas | D3: Dívidas Negativadas (R$) | E3: Dívida Média (por CPF) | F3: Dívida Média (R$) | G3: Ticket Médio (R$) | H3: % da População Adulta | I3: % da População Inadimplente
A4: 43466 | B4: 1008153 | C4: 4059765 | D4: 6.1097571e+09 | E4: =C4/B4 -> 4.0269334 | F4: =D4/B4 -> 6060.3471 | G4: =F4/E4 -> 1504.9534 | H4: 0.47377715 | I4: =(B4/('Consumidores Inadimplentes'!B40*1000000)) -> 0.016214403
A5: 43497 | B5: 1016249 | C5: 4085729 | D5: 6.0872602e+09 | E5: =C5/B5 -> 4.0204015 | F5: =D5/B5 -> 5989.9299 | G5: =F5/E5 -> 1489.8835 | H5: 0.47691636 | I5: =(B5/('Consumidores Inadimplentes'!B41*1000000)) -> 0.016345529
A6: 43525 | B6: 1027167 | C6: 4134193 | D6: 6.2402084e+09 | E6: =C6/B6 -> 4.0248499 | F6: =D6/B6 -> 6075.1644 | G6: =F6/E6 -> 1509.4139 | H6: 0.48130613 | I6: =(B6/('Consumidores Inadimplentes'!B42*1000000)) -> 0.016314576
A7: 43556 | B7: 1010975 | C7: 4135682 | D7: 6.2303056e+09 | E7: =C7/B7 -> 4.0907856 | F7: =D7/B7 -> 6162.6703 | G7: =F7/E7 -> 1506.476 | H7: 0.47276305 | I7: =(B7/('Consumidores Inadimplentes'!B43*1000000)) -> 0.015995072
A8: 43586 | B8: 1017812 | C8: 4150563 | D8: 6.2840031e+09 | E8: =C8/B8 -> 4.077927 | F8: =D8/B8 -> 6174.0313 | G8: =F8/E8 -> 1514.0122 | H8: 0.47242545 | I8: =(B8/('Consumidores Inadimplentes'!B44*1000000)) -> 0.016060246
A9: 43617 | B9: 1017735 | C9: 4216144 | D9: 6.2996051e+09 | E9: =C9/B9 -> 4.1426737 | F9: =D9/B9 -> 6189.8285 | G9: =F9/E9 -> 1494.1627 | H9: 0.47627122 | I9: =(B9/('Consumidores Inadimplentes'!B45*1000000)) -> 0.016039806
A10: 43647 | B10: 1019025 | C10: 4407968 | D10: 6.3029479e+09 | E10: =C10/B10 -> 4.3256721 | F10: =D10/B10 -> 6185.273 | G10: =F10/E10 -> 1429.8987 | H10: 0.47609502 | I10: =(B10/('Consumidores Inadimplentes'!B46*1000000)) -> 0.016056901
A11: 43678 | B11: 1023445 | C11: 4634465 | D11: 6.3566915e+09 | E11: =C11/B11 -> 4.528299 | F11: =D11/B11 -> 6211.0729 | G11: =F11/E11 -> 1371.6128 | H11: 0.47731479 | I11: =(B11/('Consumidores Inadimplentes'!B47*1000000)) -> 0.016135555
A12: 43709 | B12: 1027015 | C12: 4624838 | D12: 6.2772937e+09 | E12: =C12/B12 -> 4.5031845 | F12: =D12/B12 -> 6112.1734 | G12: =F12/E12 -> 1357.3002 | H12: 0.47842017 | I12: =(B12/('Consumidores Inadimplentes'!B48*1000000)) -> 0.016248538
A13: 43739 | B13: 1044739 | C13: 4839724 | D13: 6.3685633e+09 | E13: =C13/B13 -> 4.6324718 | F13: =D13/B13 -> 6095.8415 | G13: =F13/E13 -> 1315.8939 | H13: 0.48610825 | I13: =(B13/('Consumidores Inadimplentes'!B49*1000000)) -> 0.016362035
A14: 43770 | B14: 1055497 | C14: 4899984 | D14: 6.408089e+09 | E14: =C14/B14 -> 4.6423476 | F14: =D14/B14 -> 6071.158 | G14: =F14/E14 -> 1307.7775 | H14: 0.49054028 | I14: =(B14/('Consumidores Inadimplentes'!B50*1000000)) -> 0.016533224
A15: 43800 | B15: 1062155 | C15: 5051904 | D15: 6.4787275e+09 | E15: =C15/B15 -> 4.7562776 | F15: =D15/B15 -> 6099.6064 | G15: =F15/E15 -> 1282.4328 | H15: 0.49305804 | I15: =(B15/('Consumidores Inadimplentes'!B51*1000000)) -> 0.016777754
... A83: 45870 | B83: 1412540 | C83: 8868062 | D83: 12466898790 | E83: =C83/B83 -> 6.2780962 | F83: =D83/B83 -> 8825.8731 | G83: =F83/E83 -> 1405.82 | H83: 0.61199493 | I83: =(B83/('Consumidores Inadimplentes'!B119*1000000)) -> 0.01791453
A84: 45901 | B84: 1410480 | C84: 8887181 | D84: 12433149906 | E84: =IFERROR(C84/B84,"") -> 6.3008203 | F84: =IFERROR(D84/B84,"") -> 8814.836 | G84: =IFERROR(F84/E84,"") -> 1398.9982 | H84: 0.61054798 | I84: =(B84/('Consumidores Inadimplentes'!B120*1000000)) -> 0.017816525
A85: 45931 | B85: 1428130 | C85: 9065486 | D85: 12720842520 | E85: =IFERROR(C85/B85,"") -> 6.3478017 | F85: =IFERROR(D85/B85,"") -> 8907.3421 | G85: =IFERROR(F85/E85,"") -> 1403.2168 | H85: 0.61762715 | I85: =(B85/('Consumidores Inadimplentes'!B121*1000000)) -> 0.017754744
A86: 45962 | B86: 1429848 | C86: 9210736 | D86: 12829843376 | E86: =IFERROR(C86/B86,"") -> 6.4417588 | F86: =IFERROR(D86/B86,"") -> 8972.8722 | G86: =IFERROR(F86/E86,"") -> 1392.9227 | H86: 0.61780905 | I86: =(B86/('Consumidores Inadimplentes'!B122*1000000)) -> 0.017737878
A87: 45992 | B87: 1432411 | C87: 9323845 | D87: 13000854502 | E87: =IFERROR(C87/B87,"") -> 6.5091967 | F87: =IFERROR(D87/B87,"") -> 9076.204 | G87: =IFERROR(F87/E87,"") -> 1394.3662 | H87: 0.61835486 | I87: =(B87/('Consumidores Inadimplentes'!B123*1000000)) -> 0.017630104
A88: 46023 | B88: 1435211 | C88: 9447626 | D88: 13139727442 | E88: =IFERROR(C88/B88,"") -> 6.5827436 | F88: =IFERROR(D88/B88,"") -> 9155.2583 | G88: =IFERROR(F88/E88,"") -> 1390.7967 | H88: 0.61900137 | I88: =(B88/('Consumidores Inadimplentes'!B124*1000000)) -> 0.017649075
A89: 46054 | B89: 1441446 | C89: 9517415 | D89: 13363810053 | E89: =IFERROR(C89/B89,"") -> 6.6026858 | F89: =IFERROR(D89/B89,"") -> 9271.1139 | G89: =IFERROR(F89/E89,"") -> 1404.1428 | H89: 0.62112633 | I89: =(B89/('Consumidores Inadimplentes'!B125*1000000)) -> 0.017636268
A90: 46082 | B90: 1458052 | C90: 9685312 | D90: 13820588248 | E90: =IFERROR(C90/B90,"") -> 6.6426383 | F90: =IFERROR(D90/B90,"") -> 9478.8034 | G90: =IFERROR(F90/E90,"") -> 1426.9637 | H90: 0.62771175 | I90: =(B90/('Consumidores Inadimplentes'!B126*1000000)) -> 0.017602416
A91: 46113 | B91: 1463788 | C91: 9760939 | D91: 14036867942 | E91: =IFERROR(C91/B91,"") -> 6.6682737 | F91: =IFERROR(D91/B91,"") -> 9589.4132 | G91: =IFERROR(F91/E91,"") -> 1438.0653 | H91: 0.62960925 | I91: =(B91/('Consumidores Inadimplentes'!B127*1000000)) -> 0.01755369
A92: 46143 | B92: 1457974 | C92: 9778477 | D92: 14196593897 | E92: =IFERROR(C92/B92,"") -> 6.706894 | F92: =IFERROR(D92/B92,"") -> 9737.2065 | G92: =IFERROR(F92/E92,"") -> 1451.8206 | H92: 0.62653936 | I92: =(B92/('Consumidores Inadimplentes'!B128*1000000)) -> 0.017460171
A93: 46174 | B93: 1466317 | C93: 9858192 | D93: 14325584358 | E93: =IFERROR(C93/B93,"") -> 6.7230974 | F93: =IFERROR(D93/B93,"") -> 9769.7731 | G93: =IFERROR(F93/E93,"") -> 1453.1655 | H93: 0.62955297 | I93: =(B93/('Consumidores Inadimplentes'!B129*1000000)) -> 0.017510857
A94: 46204 | B94: 1469043 | C94: 9882237 | D94: 14373648610 | E94: =IFERROR(C94/B94,"") -> 6.7269896 | F94: =IFERROR(D94/B94,"") -> 9784.3621 | G94: =IFERROR(F94/E94,"") -> 1454.4934 | H94: 0.63015114 | I94: =(B94/('Consumidores Inadimplentes'!B130*1000000)) -> 0.017502793
A95: 46235
A96: 46266
A97: 46296
A98: 46327
A99: 46357

Sheet ES
A2: Indicador Serasa Experian de Inadimplência do Consumidor - Espírito Santos
A3: Mês | B3: Consumidores Inadimplentes | C3: Dívidas Negativadas | D3: Dívidas Negativadas (R$) | E3: Dívida Média (por CPF) | F3: Dívida Média (R$) | G3: Ticket Médio (R$) | H3: % da População Adulta | I3: % da População Inadimplente
A4: 43466 | B4: 1257670 | C4: 5305106 | D4: 5.1276446e+09 | E4: =C4/B4 -> 4.2182019 | F4: =D4/B4 -> 4077.0986 | G4: =F4/E4 -> 966.54894 | H4: 0.4283524 | I4: =(B4/('Consumidores Inadimplentes'!B40*1000000)) -> 0.020227453
A5: 43497 | B5: 1269389 | C5: 5300895 | D5: 5.1034628e+09 | E5: =C5/B5 -> 4.1759421 | F5: =D5/B5 -> 4020.4088 | G5: =F5/E5 -> 962.75492 | H5: 0.43181849 | I5: =(B5/('Consumidores Inadimplentes'!B41*1000000)) -> 0.020417078
A6: 43525 | B6: 1266573 | C6: 5256823 | D6: 5.1964381e+09 | E6: =C6/B6 -> 4.1504303 | F6: =D6/B6 -> 4102.7545 | G6: =F6/E6 -> 988.51304 | H6: 0.43027449 | I6: =(B6/('Consumidores Inadimplentes'!B42*1000000)) -> 0.02011708
A7: 43556 | B7: 1269658 | C7: 5207472 | D7: 5.1758901e+09 | E7: =C7/B7 -> 4.1014761 | F7: =D7/B7 -> 4076.6018 | G7: =F7/E7 -> 993.93528 | H7: 0.43059349 | I7: =(B7/('Consumidores Inadimplentes'!B43*1000000)) -> 0.020087808
A8: 43586 | B8: 1292509 | C8: 5248526 | D8: 5.2298569e+09 | E8: =C8/B8 -> 4.0607268 | F8: =D8/B8 -> 4046.2828 | G8: =F8/E8 -> 996.44298 | H8: 0.43591447 | I8: =(B8/('Consumidores Inadimplentes'!B44*1000000)) -> 0.020394742
A9: 43617 | B9: 1284435 | C9: 5204808 | D9: 5.2651234e+09 | E9: =C9/B9 -> 4.052216 | F9: =D9/B9 -> 4099.1747 | G9: =F9/E9 -> 1011.5884 | H9: 0.43456499 | I9: =(B9/('Consumidores Inadimplentes'!B45*1000000)) -> 0.020243077
A10: 43647 | B10: 1309704 | C10: 5340211 | D10: 5.2841724e+09 | E10: =C10/B10 -> 4.0774183 | F10: =D10/B10 -> 4034.631 | G10: =F10/E10 -> 989.50629 | H10: 0.44232249 | I10: =(B10/('Consumidores Inadimplentes'!B46*1000000)) -> 0.020637165
A11: 43678 | B11: 1285525 | C11: 5203593 | D11: 5.3592444e+09 | E11: =C11/B11 -> 4.0478349 | F11: =D11/B11 -> 4168.9149 | G11: =F11/E11 -> 1029.9123 | H11: 0.43299182 | I11: =(B11/('Consumidores Inadimplentes'!B47*1000000)) -> 0.020267488
A12: 43709 | B12: 1290312 | C12: 5191550 | D12: 5.3319621e+09 | E12: =C12/B12 -> 4.0234842 | F12: =D12/B12 -> 4132.3045 | G12: =F12/E12 -> 1027.0463 | H12: 0.43417059 | I12: =(B12/('Consumidores Inadimplentes'!B48*1000000)) -> 0.020414194
A13: 43739 | B13: 1308115 | C13: 5207656 | D13: 5.3892754e+09 | E13: =C13/B13 -> 3.9810384 | F13: =D13/B13 -> 4119.8789 | G13: =F13/E13 -> 1034.8755 | H13: 0.43972188 | I13: =(B13/('Consumidores Inadimplentes'!B49*1000000)) -> 0.020486862
A14: 43770 | B14: 1313514 | C14: 5178499 | D14: 5.4776181e+09 | E14: =C14/B14 -> 3.9424772 | F14: =D14/B14 -> 4170.2016 | G14: =F14/E14 -> 1057.7617 | H14: 0.44109623 | I14: =(B14/('Consumidores Inadimplentes'!B50*1000000)) -> 0.020574782
A15: 43800 | B15: 1301628 | C15: 5120420 | D15: 5.4777801e+09 | E15: =C15/B15 -> 3.9338582 | F15: =D15/B15 -> 4208.4068 | G15: =F15/E15 -> 1069.7912 | H15: 0.43666864 | I15: =(B15/('Consumidores Inadimplentes'!B51*1000000)) -> 0.020560459
... A83: 45870 | B83: 1340685 | C83: 5305904 | D83: 7836350498 | E83: =C83/B83 -> 3.9576067 | F83: =D83/B83 -> 5845.0348 | G83: =F83/E83 -> 1476.9115 | H83: 0.4251926 | I83: =(B83/('Consumidores Inadimplentes'!B119*1000000)) -> 0.01700323
A84: 45901 | B84: 1330340 | C84: 5223952 | D84: 7815629181 | E84: =IFERROR(C84/B84,"") -> 3.9267796 | F84: =IFERROR(D84/B84,"") -> 5874.9111 | G84: =IFERROR(F84/E84,"") -> 1496.1143 | H84: 0.42159458 | I84: =(B84/('Consumidores Inadimplentes'!B120*1000000)) -> 0.016804234
A85: 45931 | B85: 1359997 | C85: 5312437 | D85: 7968362545 | E85: =IFERROR(C85/B85,"") -> 3.9062123 | F85: =IFERROR(D85/B85,"") -> 5859.103 | G85: =IFERROR(F85/E85,"") -> 1499.9449 | H85: 0.43066923 | I85: =(B85/('Consumidores Inadimplentes'!B121*1000000)) -> 0.016907703
A86: 45962 | B86: 1353377 | C86: 5302762 | D86: 7916344071 | E86: =IFERROR(C86/B86,"") -> 3.9181706 | F86: =IFERROR(D86/B86,"") -> 5849.3266 | G86: =IFERROR(F86/E86,"") -> 1492.8718 | H86: 0.42825079 | I86: =(B86/('Consumidores Inadimplentes'!B122*1000000)) -> 0.016789223
A87: 45992 | B87: 1351114 | C87: 5332424 | D87: 7993836177 | E87: =IFERROR(C87/B87,"") -> 3.946687 | F87: =IFERROR(D87/B87,"") -> 5916.4779 | G87: =IFERROR(F87/E87,"") -> 1499.0999 | H87: 0.42721338 | I87: =(B87/('Consumidores Inadimplentes'!B123*1000000)) -> 0.016629501
A88: 46023 | B88: 1349392 | C88: 5287475 | D88: 7904414976 | E88: =IFERROR(C88/B88,"") -> 3.9184129 | F88: =IFERROR(D88/B88,"") -> 5857.7604 | G88: =IFERROR(F88/E88,"") -> 1494.9319 | H88: 0.42634818 | I88: =(B88/('Consumidores Inadimplentes'!B124*1000000)) -> 0.016593742
A89: 46054 | B89: 1347069 | C89: 5296865 | D89: 8070598224 | E89: =IFERROR(C89/B89,"") -> 3.9321408 | F89: =IFERROR(D89/B89,"") -> 5991.2285 | G89: =IFERROR(F89/E89,"") -> 1523.6556 | H89: 0.42529441 | I89: =(B89/('Consumidores Inadimplentes'!B125*1000000)) -> 0.016481554
A90: 46082 | B90: 1360893 | C90: 5389260 | D90: 8312915053 | E90: =IFERROR(C90/B90,"") -> 3.9600909 | F90: =IFERROR(D90/B90,"") -> 6108.4266 | G90: =IFERROR(F90/E90,"") -> 1542.4966 | H90: 0.42933602 | I90: =(B90/('Consumidores Inadimplentes'!B126*1000000)) -> 0.016429459
A91: 46113 | B91: 1375291 | C91: 5484673 | D91: 8463335517 | E91: =IFERROR(C91/B91,"") -> 3.9880091 | F91: =IFERROR(D91/B91,"") -> 6153.8507 | G91: =IFERROR(F91/E91,"") -> 1543.0884 | H91: 0.43355224 | I91: =(B91/('Consumidores Inadimplentes'!B127*1000000)) -> 0.016492437
A92: 46143 | B92: 1374918 | C92: 5492946 | D92: 8504851098 | E92: =IFERROR(C92/B92,"") -> 3.9951081 | F92: =IFERROR(D92/B92,"") -> 6185.7151 | G92: =IFERROR(F92/E92,"") -> 1548.3224 | H92: 0.43310888 | I92: =(B92/('Consumidores Inadimplentes'!B128*1000000)) -> 0.016465523
A93: 46174 | B93: 1398414 | C93: 5624917 | D93: 8544681509 | E93: =IFERROR(C93/B93,"") -> 4.0223546 | F93: =IFERROR(D93/B93,"") -> 6110.266 | G93: =IFERROR(F93/E93,"") -> 1519.0769 | H93: 0.44017917 | I93: =(B93/('Consumidores Inadimplentes'!B129*1000000)) -> 0.016699955
A94: 46204 | B94: 1400601 | C94: 5644598 | D94: 8568017087 | E94: =IFERROR(C94/B94,"") -> 4.0301256 | F94: =IFERROR(D94/B94,"") -> 6117.3861 | G94: =IFERROR(F94/E94,"") -> 1517.9145 | H94: 0.44053629 | I94: =(B94/('Consumidores Inadimplentes'!B130*1000000)) -> 0.016687347
A95: 46235
A96: 46266
A97: 46296
A98: 46327
A99: 46357

Sheet GO
A2: Indicador Serasa Experian de Inadimplência do Consumidor - Goiás
A3: Mês | B3: Consumidores Inadimplentes | C3: Dívidas Negativadas | D3: Dívidas Negativadas (R$) | E3: Dívida Média (por CPF) | F3: Dívida Média (R$) | G3: Ticket Médio (R$) | H3: % da População Adulta | I3: % da População Inadimplente
A4: 43466 | B4: 2074962 | C4: 7507887 | D4: 8.805666e+09 | E4: =C4/B4 -> 3.6183251 | F4: =D4/B4 -> 4243.7722 | G4: =F4/E4 -> 1172.8554 | H4: 0.40590915 | I4: =(B4/('Consumidores Inadimplentes'!B40*1000000)) -> 0.033372186
A5: 43497 | B5: 2068579 | C5: 7480771 | D5: 8.8043908e+09 | E5: =C5/B5 -> 3.6163816 | F5: =D5/B5 -> 4256.2507 | G5: =F5/E5 -> 1176.9363 | H5: 0.4040197 | I5: =(B5/('Consumidores Inadimplentes'!B41*1000000)) -> 0.033271392
A6: 43525 | B6: 2123486 | C6: 7610076 | D6: 8.9723704e+09 | E6: =C6/B6 -> 3.5837656 | F6: =D6/B6 -> 4225.3023 | G6: =F6/E6 -> 1179.0119 | H6: 0.41407779 | I6: =(B6/('Consumidores Inadimplentes'!B42*1000000)) -> 0.033727498
A7: 43556 | B7: 2143009 | C7: 7590121 | D7: 8.9677341e+09 | E7: =C7/B7 -> 3.5418055 | F7: =D7/B7 -> 4184.646 | G7: =F7/E7 -> 1181.5008 | H7: 0.41708242 | I7: =(B7/('Consumidores Inadimplentes'!B43*1000000)) -> 0.033905471
A8: 43586 | B8: 2177748 | C8: 7633682 | D8: 9.0551707e+09 | E8: =C8/B8 -> 3.5053101 | F8: =D8/B8 -> 4158.0434 | G8: =F8/E8 -> 1186.2127 | H8: 0.42058947 | I8: =(B8/('Consumidores Inadimplentes'!B44*1000000)) -> 0.034363094
A9: 43617 | B9: 2100591 | C9: 7426850 | D9: 9.0210187e+09 | E9: =C9/B9 -> 3.5356002 | F9: =D9/B9 -> 4294.5146 | G9: =F9/E9 -> 1214.6494 | H9: 0.40682184 | I9: =(B9/('Consumidores Inadimplentes'!B45*1000000)) -> 0.033105938
A10: 43647 | B10: 2106994 | C10: 7441051 | D10: 9.0494213e+09 | E10: =C10/B10 -> 3.5315957 | F10: =D10/B10 -> 4294.944 | G10: =F10/E10 -> 1216.1483 | H10: 0.4070761 | I10: =(B10/('Consumidores Inadimplentes'!B46*1000000)) -> 0.03320016
A11: 43678 | B11: 2118319 | C11: 7483820 | D11: 9.1749546e+09 | E11: =C11/B11 -> 3.5329051 | F11: =D11/B11 -> 4331.2431 | G11: =F11/E11 -> 1225.9721 | H11: 0.40860846 | I11: =(B11/('Consumidores Inadimplentes'!B47*1000000)) -> 0.033397254
A12: 43709 | B12: 2113897 | C12: 7384665 | D12: 9.073865e+09 | E12: =C12/B12 -> 3.4933892 | F12: =D12/B12 -> 4292.4821 | G12: =F12/E12 -> 1228.7443 | H12: 0.40717389 | I12: =(B12/('Consumidores Inadimplentes'!B48*1000000)) -> 0.03344424
A13: 43739 | B13: 2209500 | C13: 7606567 | D13: 9.1783173e+09 | E13: =C13/B13 -> 3.4426644 | F13: =D13/B13 -> 4154.0246 | G13: =F13/E13 -> 1206.6307 | H13: 0.42498165 | I13: =(B13/('Consumidores Inadimplentes'!B49*1000000)) -> 0.034603778
A14: 43770 | B14: 2186126 | C14: 7467458 | D14: 9.1290985e+09 | E14: =C14/B14 -> 3.4158406 | F14: =D14/B14 -> 4175.9251 | G14: =F14/E14 -> 1222.5176 | H14: 0.41988609 | I14: =(B14/('Consumidores Inadimplentes'!B50*1000000)) -> 0.034243309
A15: 43800 | B15: 2199212 | C15: 7503684 | D15: 9.1867156e+09 | E15: =C15/B15 -> 3.4119876 | F15: =D15/B15 -> 4177.2761 | G15: =F15/E15 -> 1224.294 | H15: 0.421797 | I15: =(B15/('Consumidores Inadimplentes'!B51*1000000)) -> 0.034738656
... A83: 45870 | B83: 2616868 | C83: 9914361 | D83: 17208915513 | E83: =C83/B83 -> 3.7886363 | F83: =D83/B83 -> 6576.1496 | G83: =F83/E83 -> 1735.7564 | H83: 0.46196652 | I83: =(B83/('Consumidores Inadimplentes'!B119*1000000)) -> 0.033188413
A84: 45901 | B84: 2606125 | C84: 9874499 | D84: 17380642179 | E84: =IFERROR(C84/B84,"") -> 3.7889583 | F84: =IFERROR(D84/B84,"") -> 6669.1514 | G84: =IFERROR(F84/E84,"") -> 1760.1543 | H84: 0.45955526 | I84: =(B84/('Consumidores Inadimplentes'!B120*1000000)) -> 0.032919355
A85: 45931 | B85: 2653051 | C85: 10054765 | D85: 17689125565 | E85: =IFERROR(C85/B85,"") -> 3.7898876 | F85: =IFERROR(D85/B85,"") -> 6667.4653 | G85: =IFERROR(F85/E85,"") -> 1759.2779 | H85: 0.4673066 | I85: =(B85/('Consumidores Inadimplentes'!B121*1000000)) -> 0.03298316
A86: 45962 | B86: 2655936 | C86: 10057167 | D86: 17869096021 | E86: =IFERROR(C86/B86,"") -> 3.7866752 | F86: =IFERROR(D86/B86,"") -> 6727.9844 | G86: =IFERROR(F86/E86,"") -> 1776.7524 | H86: 0.46729137 | I86: =(B86/('Consumidores Inadimplentes'!B122*1000000)) -> 0.032948026
A87: 45992 | B87: 2692703 | C87: 10274644 | D87: 18213205810 | E87: =IFERROR(C87/B87,"") -> 3.8157361 | F87: =IFERROR(D87/B87,"") -> 6763.9119 | G87: =IFERROR(F87/E87,"") -> 1772.6362 | H87: 0.4732302 | I87: =(B87/('Consumidores Inadimplentes'!B123*1000000)) -> 0.033141769
A88: 46023 | B88: 2640328 | C88: 9849413 | D88: 17347461145 | E88: =IFERROR(C88/B88,"") -> 3.7303748 | F88: =IFERROR(D88/B88,"") -> 6570.1917 | G88: =IFERROR(F88/E88,"") -> 1761.2685 | H88: 0.46350639 | I88: =(B88/('Consumidores Inadimplentes'!B124*1000000)) -> 0.032468638
A89: 46054 | B89: 2643256 | C89: 9998336 | D89: 17841315695 | E89: =IFERROR(C89/B89,"") -> 3.7825833 | F89: =IFERROR(D89/B89,"") -> 6749.7494 | G89: =IFERROR(F89/E89,"") -> 1784.4285 | H89: 0.46350128 | I89: =(B89/('Consumidores Inadimplentes'!B125*1000000)) -> 0.032340561
A90: 46082 | B90: 2684224 | C90: 10232095 | D90: 18553889147 | E90: =IFERROR(C90/B90,"") -> 3.8119378 | F90: =IFERROR(D90/B90,"") -> 6912.1985 | G90: =IFERROR(F90/E90,"") -> 1813.3031 | H90: 0.47015846 | I90: =(B90/('Consumidores Inadimplentes'!B126*1000000)) -> 0.032405448
A91: 46113 | B91: 2685172 | C91: 10335363 | D91: 18973933832 | E91: =IFERROR(C91/B91,"") -> 3.8490506 | F91: =IFERROR(D91/B91,"") -> 7066.1894 | G91: =IFERROR(F91/E91,"") -> 1835.8266 | H91: 0.46979828 | I91: =(B91/('Consumidores Inadimplentes'!B127*1000000)) -> 0.03220048
A92: 46143 | B92: 2696486 | C92: 10414878 | D92: 19298709175 | E92: =IFERROR(C92/B92,"") -> 3.8623891 | F92: =IFERROR(D92/B92,"") -> 7156.9847 | G92: =IFERROR(F92/E92,"") -> 1852.9943 | H92: 0.47124993 | I92: =(B92/('Consumidores Inadimplentes'!B128*1000000)) -> 0.032292145
A93: 46174 | B93: 2702395 | C93: 10463713 | D93: 19569553153 | E93: =IFERROR(C93/B93,"") -> 3.8720146 | F93: =IFERROR(D93/B93,"") -> 7241.5591 | G93: =IFERROR(F93/E93,"") -> 1870.2303 | H93: 0.47175422 | I93: =(B93/('Consumidores Inadimplentes'!B129*1000000)) -> 0.032272184
A94: 46204 | B94: 2706131 | C94: 10528433 | D94: 19756221591 | E94: =IFERROR(C94/B94,"") -> 3.8905851 | F94: =IFERROR(D94/B94,"") -> 7300.5415 | G94: =IFERROR(F94/E94,"") -> 1876.4636 | H94: 0.47187797 | I94: =(B94/('Consumidores Inadimplentes'!B130*1000000)) -> 0.032241977
A95: 46235
A96: 46266
A97: 46296
A98: 46327
A99: 46357

Sheet MA
A2: Indicador Serasa Experian de Inadimplência do Consumidor - Maranhão
A3: Mês | B3: Consumidores Inadimplentes | C3: Dívidas Negativadas | D3: Dívidas Negativadas (R$) | E3: Dívida Média (por CPF) | F3: Dívida Média (R$) | G3: Ticket Médio (R$) | H3: % da População Adulta | I3: % da População Inadimplente
A4: 43466 | B4: 1933867 | C4: 6289990 | D4: 4.8609072e+09 | E4: =C4/B4 -> 3.2525453 | F4: =D4/B4 -> 2513.5685 | G4: =F4/E4 -> 772.80046 | H4: 0.41307687 | I4: =(B4/('Consumidores Inadimplentes'!B40*1000000)) -> 0.031102916
A5: 43497 | B5: 1929031 | C5: 6238085 | D5: 4.7748777e+09 | E5: =C5/B5 -> 3.233792 | F5: =D5/B5 -> 2475.2727 | G5: =F5/E5 -> 765.43967 | H5: 0.41153435 | I5: =(B5/('Consumidores Inadimplentes'!B41*1000000)) -> 0.031026877
A6: 43525 | B6: 1941409 | C6: 6262113 | D6: 4.8762023e+09 | E6: =C6/B6 -> 3.2255506 | F6: =D6/B6 -> 2511.6821 | G6: =F6/E6 -> 778.68322 | H6: 0.41358919 | I6: =(B6/('Consumidores Inadimplentes'!B42*1000000)) -> 0.030835554
A7: 43556 | B7: 1949680 | C7: 6241572 | D7: 4.8677477e+09 | E7: =C7/B7 -> 3.2013315 | F7: =D7/B7 -> 2496.6906 | G7: =F7/E7 -> 779.8913 | H7: 0.41462301 | I7: =(B7/('Consumidores Inadimplentes'!B43*1000000)) -> 0.030846729
A8: 43586 | B8: 1991561 | C8: 6343548 | D8: 4.9781008e+09 | E8: =C8/B8 -> 3.185214 | F8: =D8/B8 -> 2499.5974 | G8: =F8/E8 -> 784.75024 | H8: 0.42008318 | I8: =(B8/('Consumidores Inadimplentes'!B44*1000000)) -> 0.031425215
A9: 43617 | B9: 1985040 | C9: 6312836 | D9: 4.9359507e+09 | E9: =C9/B9 -> 3.1802059 | F9: =D9/B9 -> 2486.5749 | G9: =F9/E9 -> 781.89116 | H9: 0.4201658 | I9: =(B9/('Consumidores Inadimplentes'!B45*1000000)) -> 0.03128482
A10: 43647 | B10: 1988493 | C10: 6266500 | D10: 4.9237449e+09 | E10: =C10/B10 -> 3.1513815 | F10: =D10/B10 -> 2476.1188 | G10: =F10/E10 -> 785.72487 | H10: 0.41993082 | I10: =(B10/('Consumidores Inadimplentes'!B46*1000000)) -> 0.031332926
A11: 43678 | B11: 1987938 | C11: 6277023 | D11: 5.0290424e+09 | E11: =C11/B11 -> 3.1575547 | F11: =D11/B11 -> 2529.7783 | G11: =F11/E11 -> 801.18272 | H11: 0.41952773 | I11: =(B11/('Consumidores Inadimplentes'!B47*1000000)) -> 0.031341677
A12: 43709 | B12: 1997330 | C12: 6295958 | D12: 5.0155848e+09 | E12: =C12/B12 -> 3.1521872 | F12: =D12/B12 -> 2511.1448 | G12: =F12/E12 -> 796.63568 | H12: 0.42106326 | I12: =(B12/('Consumidores Inadimplentes'!B48*1000000)) -> 0.031600018
A13: 43739 | B13: 2012285 | C13: 6326081 | D13: 5.0799887e+09 | E13: =C13/B13 -> 3.1437301 | F13: =D13/B13 -> 2524.4877 | G13: =F13/E13 -> 803.02302 | H13: 0.42376661 | I13: =(B13/('Consumidores Inadimplentes'!B49*1000000)) -> 0.031515122
A14: 43770 | B14: 1998726 | C14: 6246294 | D14: 5.0634169e+09 | E14: =C14/B14 -> 3.1251377 | F14: =D14/B14 -> 2533.3222 | G14: =F14/E14 -> 810.62737 | H14: 0.42046531 | I14: =(B14/('Consumidores Inadimplentes'!B50*1000000)) -> 0.03130789
A15: 43800 | B15: 1981033 | C15: 6179414 | D15: 5.0662615e+09 | E15: =C15/B15 -> 3.1192888 | F15: =D15/B15 -> 2557.3837 | G15: =F15/E15 -> 819.86116 | H15: 0.41630182 | I15: =(B15/('Consumidores Inadimplentes'!B51*1000000)) -> 0.03129231
... A83: 45870 | B83: 2298035 | C83: 6722305 | D83: 10177045338 | E83: =C83/B83 -> 2.9252405 | F83: =D83/B83 -> 4428.5859 | G83: =F83/E83 -> 1513.922 | H83: 0.45328736 | I83: =(B83/('Consumidores Inadimplentes'!B119*1000000)) -> 0.029144816
A84: 45901 | B84: 2306305 | C84: 6682405 | D84: 10238984054 | E84: =IFERROR(C84/B84,"") -> 2.8974507 | F84: =IFERROR(D84/B84,"") -> 4439.562 | G84: =IFERROR(F84/E84,"") -> 1532.2304 | H84: 0.45452763 | I84: =(B84/('Consumidores Inadimplentes'!B120*1000000)) -> 0.029132169
A85: 45931 | B85: 2322656 | C85: 6829639 | D85: 10402295995 | E85: =IFERROR(C85/B85,"") -> 2.9404436 | F85: =IFERROR(D85/B85,"") -> 4478.621 | G85: =IFERROR(F85/E85,"") -> 1523.1107 | H85: 0.45735674 | I85: =(B85/('Consumidores Inadimplentes'!B121*1000000)) -> 0.028875636
A86: 45962 | B86: 2321831 | C86: 6867754 | D86: 10608288963 | E86: =IFERROR(C86/B86,"") -> 2.9579043 | F86: =IFERROR(D86/B86,"") -> 4568.9324 | G86: =IFERROR(F86/E86,"") -> 1544.6519 | H86: 0.45680139 | I86: =(B86/('Consumidores Inadimplentes'!B122*1000000)) -> 0.028803311
A87: 45992 | B87: 2343269 | C87: 6952822 | D87: 10774406175 | E87: =IFERROR(C87/B87,"") -> 2.9671463 | F87: =IFERROR(D87/B87,"") -> 4598.0236 | G87: =IFERROR(F87/E87,"") -> 1549.645 | H87: 0.46062293 | I87: =(B87/('Consumidores Inadimplentes'!B123*1000000)) -> 0.028840938
A88: 46023 | B88: 2332855 | C88: 6824608 | D88: 10463629104 | E88: =IFERROR(C88/B88,"") -> 2.9254317 | F88: =IFERROR(D88/B88,"") -> 4485.332 | G88: =IFERROR(F88/E88,"") -> 1533.2205 | H88: 0.45818169 | I88: =(B88/('Consumidores Inadimplentes'!B124*1000000)) -> 0.028687582
A89: 46054 | B89: 2337093 | C89: 6899394 | D89: 10762767662 | E89: =IFERROR(C89/B89,"") -> 2.9521264 | F89: =IFERROR(D89/B89,"") -> 4605.1944 | G89: =IFERROR(F89/E89,"") -> 1559.9584 | H89: 0.45861953 | I89: =(B89/('Consumidores Inadimplentes'!B125*1000000)) -> 0.028594619
A90: 46082 | B90: 2375463 | C90: 7082243 | D90: 11223755646 | E90: =IFERROR(C90/B90,"") -> 2.9814158 | F90: =IFERROR(D90/B90,"") -> 4724.8707 | G90: =IFERROR(F90/E90,"") -> 1584.7742 | H90: 0.46574847 | I90: =(B90/('Consumidores Inadimplentes'!B126*1000000)) -> 0.028677913
A91: 46113 | B91: 2385337 | C91: 7153536 | D91: 11384222484 | E91: =IFERROR(C91/B91,"") -> 2.9989624 | F91: =IFERROR(D91/B91,"") -> 4772.5845 | G91: =IFERROR(F91/E91,"") -> 1591.4119 | H91: 0.4672825 | I91: =(B91/('Consumidores Inadimplentes'!B127*1000000)) -> 0.02860487
A92: 46143 | B92: 2368015 | C92: 7087773 | D92: 11383383032 | E92: =IFERROR(C92/B92,"") -> 2.9931284 | F92: =IFERROR(D92/B92,"") -> 4807.1414 | G92: =IFERROR(F92/E92,"") -> 1606.0592 | H92: 0.46349047 | I92: =(B92/('Consumidores Inadimplentes'!B128*1000000)) -> 0.028358495
A93: 46174 | B93: 2364051 | C93: 7069424 | D93: 11491499744 | E93: =IFERROR(C93/B93,"") -> 2.9903856 | F93: =IFERROR(D93/B93,"") -> 4860.9356 | G93: =IFERROR(F93/E93,"") -> 1625.5214 | H93: 0.4623169 | I93: =(B93/('Consumidores Inadimplentes'!B129*1000000)) -> 0.028231657
A94: 46204 | B94: 2397803 | C94: 7165955 | D94: 11550690805 | E94: =IFERROR(C94/B94,"") -> 2.9885504 | F94: =IFERROR(D94/B94,"") -> 4817.1976 | G94: =IFERROR(F94/E94,"") -> 1611.8844 | H94: 0.46851453 | I94: =(B94/('Consumidores Inadimplentes'!B130*1000000)) -> 0.028568429
A95: 46235
A96: 46266
A97: 46296
A98: 46327
A99: 46357

Sheet MG
A2: Indicador Serasa Experian de Inadimplência do Consumidor - Minas Gerais
A3: Mês | B3: Consumidores Inadimplentes | C3: Dívidas Negativadas | D3: Dívidas Negativadas (R$) | E3: Dívida Média (por CPF) | F3: Dívida Média (R$) | G3: Ticket Médio (R$) | H3: % da População Adulta | I3: % da População Inadimplente
A4: 43466 | B4: 5846615 | C4: 21880295 | D4: 2.3779206e+10 | E4: =C4/B4 -> 3.7423868 | F4: =D4/B4 -> 4067.1749 | G4: =F4/E4 -> 1086.7863 | H4: 0.36799512 | I4: =(B4/('Consumidores Inadimplentes'!B40*1000000)) -> 0.09403272
A5: 43497 | B5: 5845607 | C5: 21851556 | D5: 2.3699281e+10 | E5: =C5/B5 -> 3.7381158 | F5: =D5/B5 -> 4054.2035 | G5: =F5/E5 -> 1084.558 | H5: 0.36753805 | I5: =(B5/('Consumidores Inadimplentes'!B41*1000000)) -> 0.09402178
A6: 43525 | B6: 5900932 | C6: 22010380 | D6: 2.4199736e+10 | E6: =C6/B6 -> 3.7299837 | F6: =D6/B6 -> 4101.0023 | G6: =F6/E6 -> 1099.4692 | H6: 0.37055414 | I6: =(B6/('Consumidores Inadimplentes'!B42*1000000)) -> 0.093724975
A7: 43556 | B7: 5919486 | C7: 21760713 | D7: 2.4036907e+10 | E7: =C7/B7 -> 3.6761153 | F7: =D7/B7 -> 4060.641 | G7: =F7/E7 -> 1104.6011 | H7: 0.37104997 | I7: =(B7/('Consumidores Inadimplentes'!B43*1000000)) -> 0.093654745
A8: 43586 | B8: 6013777 | C8: 22994892 | D8: 2.4485036e+10 | E8: =C8/B8 -> 3.8237021 | F8: =D8/B8 -> 4071.4904 | G8: =F8/E8 -> 1064.8032 | H8: 0.3742129 | I8: =(B8/('Consumidores Inadimplentes'!B44*1000000)) -> 0.094892515
A9: 43617 | B9: 5977722 | C9: 22665312 | D9: 2.452951e+10 | E9: =C9/B9 -> 3.7916303 | F9: =D9/B9 -> 4103.4879 | G9: =F9/E9 -> 1082.2489 | H9: 0.3744099 | I9: =(B9/('Consumidores Inadimplentes'!B45*1000000)) -> 0.094210674
A10: 43647 | B10: 5967029 | C10: 22488492 | D10: 2.4438977e+10 | E10: =C10/B10 -> 3.7687921 | F10: =D10/B10 -> 4095.6693 | G10: =F10/E10 -> 1086.7326 | H10: 0.3731377 | I10: =(B10/('Consumidores Inadimplentes'!B46*1000000)) -> 0.094023201
A11: 43678 | B11: 5959387 | C11: 22434838 | D11: 2.4678926e+10 | E11: =C11/B11 -> 3.7646218 | F11: =D11/B11 -> 4141.1854 | G11: =F11/E11 -> 1100.0269 | H11: 0.37221272 | I11: =(B11/('Consumidores Inadimplentes'!B47*1000000)) -> 0.093955236
A12: 43709 | B12: 5972773 | C12: 22273982 | D12: 2.44085e+10 | E12: =C12/B12 -> 3.7292531 | F12: =D12/B12 -> 4086.6277 | G12: =F12/E12 -> 1095.8301 | H12: 0.37271406 | I12: =(B12/('Consumidores Inadimplentes'!B48*1000000)) -> 0.09449602
A13: 43739 | B13: 6033279 | C13: 22325064 | D13: 2.4632962e+10 | E13: =C13/B13 -> 3.7003202 | F13: =D13/B13 -> 4082.8481 | G13: =F13/E13 -> 1103.377 | H13: 0.37615197 | I13: =(B13/('Consumidores Inadimplentes'!B49*1000000)) -> 0.094489362
A14: 43770 | B14: 5973667 | C14: 21316036 | D14: 2.4629346e+10 | E14: =C14/B14 -> 3.5683335 | F14: =D14/B14 -> 4122.986 | G14: =F14/E14 -> 1155.4374 | H14: 0.37210123 | I14: =(B14/('Consumidores Inadimplentes'!B50*1000000)) -> 0.093571059
A15: 43800 | B15: 5983774 | C15: 21320547 | D15: 2.4921569e+10 | E15: =C15/B15 -> 3.5630602 | F15: =D15/B15 -> 4164.8579 | G15: =F15/E15 -> 1168.8991 | H15: 0.37239637 | I15: =(B15/('Consumidores Inadimplentes'!B51*1000000)) -> 0.09451943
... A83: 45870 | B83: 7614121 | C83: 28374765 | D83: 45380949496 | E83: =C83/B83 -> 3.7265976 | F83: =D83/B83 -> 5960.1035 | G83: =F83/E83 -> 1599.3419 | H83: 0.45266552 | I83: =(B83/('Consumidores Inadimplentes'!B119*1000000)) -> 0.096566046
A84: 45901 | B84: 7588361 | C84: 28240028 | D84: 45654220486 | E84: =IFERROR(C84/B84,"") -> 3.7214924 | F84: =IFERROR(D84/B84,"") -> 6016.348 | G84: =IFERROR(F84/E84,"") -> 1616.6493 | H84: 0.45088325 | I84: =(B84/('Consumidores Inadimplentes'!B120*1000000)) -> 0.095852636
A85: 45931 | B85: 7752156 | C85: 28955347 | D85: 46849411903 | E85: =IFERROR(C85/B85,"") -> 3.7351347 | F85: =IFERROR(D85/B85,"") -> 6043.4042 | G85: =IFERROR(F85/E85,"") -> 1617.9883 | H85: 0.46035949 | I85: =(B85/('Consumidores Inadimplentes'!B121*1000000)) -> 0.09637606
A86: 45962 | B86: 7677218 | C86: 28706272 | D86: 47279919055 | E86: =IFERROR(C86/B86,"") -> 3.7391503 | F86: =IFERROR(D86/B86,"") -> 6158.4703 | G86: =IFERROR(F86/E86,"") -> 1647.024 | H86: 0.45565586 | I86: =(B86/('Consumidores Inadimplentes'!B122*1000000)) -> 0.095239186
A87: 45992 | B87: 7761658 | C87: 29233455 | D87: 48124533027 | E87: =IFERROR(C87/B87,"") -> 3.7663931 | F87: =IFERROR(D87/B87,"") -> 6200.2903 | G87: =IFERROR(F87/E87,"") -> 1646.2143 | H87: 0.46041142 | I87: =(B87/('Consumidores Inadimplentes'!B123*1000000)) -> 0.095530431
A88: 46023 | B88: 7815374 | C88: 29619977 | D88: 49641692369 | E88: =IFERROR(C88/B88,"") -> 3.7899628 | F88: =IFERROR(D88/B88,"") -> 6351.8 | G88: =IFERROR(F88/E88,"") -> 1675.9531 | H88: 0.46334005 | I88: =(B88/('Consumidores Inadimplentes'!B124*1000000)) -> 0.096107207
A89: 46054 | B89: 7809418 | C89: 29875580 | D89: 51084931540 | E89: =IFERROR(C89/B89,"") -> 3.8255834 | F89: =IFERROR(D89/B89,"") -> 6541.4518 | G89: =IFERROR(F89/E89,"") -> 1709.9227 | H89: 0.46272954 | I89: =(B89/('Consumidores Inadimplentes'!B125*1000000)) -> 0.095549185
A90: 46082 | B90: 7871386 | C90: 30129307 | D90: 52657958198 | E90: =IFERROR(C90/B90,"") -> 3.8277004 | F90: =IFERROR(D90/B90,"") -> 6689.7949 | G90: =IFERROR(F90/E90,"") -> 1747.7321 | H90: 0.46614202 | I90: =(B90/('Consumidores Inadimplentes'!B126*1000000)) -> 0.095027759
A91: 46113 | B91: 7892843 | C91: 30394619 | D91: 53659326485 | E91: =IFERROR(C91/B91,"") -> 3.8509089 | F91: =IFERROR(D91/B91,"") -> 6798.4789 | G91: =IFERROR(F91/E91,"") -> 1765.4219 | H91: 0.46715284 | I91: =(B91/('Consumidores Inadimplentes'!B127*1000000)) -> 0.094650671
A92: 46143 | B92: 8044856 | C92: 31122992 | D92: 54406028629 | E92: =IFERROR(C92/B92,"") -> 3.8686823 | F92: =IFERROR(D92/B92,"") -> 6762.8344 | G92: =IFERROR(F92/E92,"") -> 1748.0976 | H92: 0.47588531 | I92: =(B92/('Consumidores Inadimplentes'!B128*1000000)) -> 0.096342297
A93: 46174 | B93: 8052712 | C93: 31314017 | D93: 54933934893 | E93: =IFERROR(C93/B93,"") -> 3.8886299 | F93: =IFERROR(D93/B93,"") -> 6821.7931 | G93: =IFERROR(F93/E93,"") -> 1754.2922 | H93: 0.47608519 | I93: =(B93/('Consumidores Inadimplentes'!B129*1000000)) -> 0.096166031
A94: 46204 | B94: 8029854 | C94: 31356127 | D94: 55645586468 | E94: =IFERROR(C94/B94,"") -> 3.9049436 | F94: =IFERROR(D94/B94,"") -> 6929.8379 | G94: =IFERROR(F94/E94,"") -> 1774.632 | H94: 0.47446987 | I94: =(B94/('Consumidores Inadimplentes'!B130*1000000)) -> 0.095671041
A95: 46235
A96: 46266
A97: 46296
A98: 46327
A99: 46357

Sheet MS
A2: Indicador Serasa Experian de Inadimplência do Consumidor - Mato Grosso do Sul
A3: Mês | B3: Consumidores Inadimplentes | C3: Dívidas Negativadas | D3: Dívidas Negativadas (R$) | E3: Dívida Média (por CPF) | F3: Dívida Média (R$) | G3: Ticket Médio (R$) | H3: % da População Adulta | I3: % da População Inadimplente
A4: 43466 | B4: 761304 | C4: 2518227 | D4: 3.2164816e+09 | E4: =C4/B4 -> 3.3077811 | F4: =D4/B4 -> 4224.9634 | G4: =F4/E4 -> 1277.2802 | H4: 0.38532646 | I4: =(B4/('Consumidores Inadimplentes'!B40*1000000)) -> 0.012244262
A5: 43497 | B5: 762367 | C5: 2505805 | D5: 3.2257841e+09 | E5: =C5/B5 -> 3.286875 | F5: =D5/B5 -> 4231.2745 | G5: =F5/E5 -> 1287.3245 | H5: 0.38527748 | I5: =(B5/('Consumidores Inadimplentes'!B41*1000000)) -> 0.012262046
A6: 43525 | B6: 784637 | C6: 2542320 | D6: 3.2728163e+09 | E6: =C6/B6 -> 3.2401225 | F6: =D6/B6 -> 4171.1216 | G6: =F6/E6 -> 1287.3345 | H6: 0.39585353 | I6: =(B6/('Consumidores Inadimplentes'!B42*1000000)) -> 0.012462452
A7: 43556 | B7: 801406 | C7: 2553089 | D7: 3.2211207e+09 | E7: =C7/B7 -> 3.1857623 | F7: =D7/B7 -> 4019.3369 | G7: =F7/E7 -> 1261.6563 | H7: 0.40338377 | I7: =(B7/('Consumidores Inadimplentes'!B43*1000000)) -> 0.012679391
A8: 43586 | B8: 792198 | C8: 2520169 | D8: 3.2043256e+09 | E8: =C8/B8 -> 3.1812363 | F8: =D8/B8 -> 4044.8545 | G8: =F8/E8 -> 1271.4725 | H8: 0.3963493 | I8: =(B8/('Consumidores Inadimplentes'!B44*1000000)) -> 0.012500241
A9: 43617 | B9: 780067 | C9: 2477597 | D9: 3.2121134e+09 | E9: =C9/B9 -> 3.1761336 | F9: =D9/B9 -> 4117.7404 | G9: =F9/E9 -> 1296.4632 | H9: 0.39193194 | I9: =(B9/('Consumidores Inadimplentes'!B45*1000000)) -> 0.012294088
A10: 43647 | B10: 776283 | C10: 2462210 | D10: 3.1824391e+09 | E10: =C10/B10 -> 3.1717943 | F10: =D10/B10 -> 4099.5863 | G10: =F10/E10 -> 1292.5133 | H10: 0.38932102 | I10: =(B10/('Consumidores Inadimplentes'!B46*1000000)) -> 0.012231986
A11: 43678 | B11: 773961 | C11: 2447710 | D11: 3.2068765e+09 | E11: =C11/B11 -> 3.1625754 | F11: =D11/B11 -> 4143.4601 | G11: =F11/E11 -> 1310.1538 | H11: 0.38723879 | I11: =(B11/('Consumidores Inadimplentes'!B47*1000000)) -> 0.01220221
A12: 43709 | B12: 772633 | C12: 2409143 | D12: 3.1903318e+09 | E12: =C12/B12 -> 3.1180949 | F12: =D12/B12 -> 4129.1684 | G12: =F12/E12 -> 1324.26 | H12: 0.38609758 | I12: =(B12/('Consumidores Inadimplentes'!B48*1000000)) -> 0.012223927
A13: 43739 | B13: 782363 | C13: 2435064 | D13: 3.2115622e+09 | E13: =C13/B13 -> 3.1124478 | F13: =D13/B13 -> 4104.9515 | G13: =F13/E13 -> 1318.8821 | H13: 0.39047747 | I13: =(B13/('Consumidores Inadimplentes'!B49*1000000)) -> 0.01225287
A14: 43770 | B14: 783356 | C14: 2423812 | D14: 3.2684681e+09 | E14: =C14/B14 -> 3.0941386 | F14: =D14/B14 -> 4172.3918 | G14: =F14/E14 -> 1348.4825 | H14: 0.39049071 | I14: =(B14/('Consumidores Inadimplentes'!B50*1000000)) -> 0.012270428
A15: 43800 | B15: 792751 | C15: 2425216 | D15: 3.3574384e+09 | E15: =C15/B15 -> 3.0592405 | F15: =D15/B15 -> 4235.174 | G15: =F15/E15 -> 1384.3874 | H15: 0.39468644 | I15: =(B15/('Consumidores Inadimplentes'!B51*1000000)) -> 0.01252226
... A83: 45870 | B83: 1210326 | C83: 5274832 | D83: 8763596944 | E83: =C83/B83 -> 4.3581911 | F83: =D83/B83 -> 7240.6913 | G83: =F83/E83 -> 1661.3983 | H83: 0.56160623 | I83: =(B83/('Consumidores Inadimplentes'!B119*1000000)) -> 0.015349953
A84: 45901 | B84: 1216364 | C84: 5298655 | D84: 8853246512 | E84: =IFERROR(C84/B84,"") -> 4.3561426 | F84: =IFERROR(D84/B84,"") -> 7278.4516 | G84: =IFERROR(F84/E84,"") -> 1670.8479 | H84: 0.56387052 | I84: =(B84/('Consumidores Inadimplentes'!B120*1000000)) -> 0.015364543
A85: 45931 | B85: 1234934 | C85: 5428322 | D85: 9235007903 | E85: =IFERROR(C85/B85,"") -> 4.3956373 | F85: =IFERROR(D85/B85,"") -> 7478.1388 | G85: =IFERROR(F85/E85,"") -> 1701.2638 | H85: 0.57193391 | I85: =(B85/('Consumidores Inadimplentes'!B121*1000000)) -> 0.0153529
A86: 45962 | B86: 1245106 | C86: 5514201 | D86: 9499160035 | E86: =IFERROR(C86/B86,"") -> 4.4287 | F86: =IFERROR(D86/B86,"") -> 7629.1979 | G86: =IFERROR(F86/E86,"") -> 1722.6721 | H86: 0.57609577 | I86: =(B86/('Consumidores Inadimplentes'!B122*1000000)) -> 0.015446075
A87: 45992 | B87: 1257626 | C87: 5691935 | D87: 9653277182 | E87: =IFERROR(C87/B87,"") -> 4.5259362 | F87: =IFERROR(D87/B87,"") -> 7675.7933 | G87: =IFERROR(F87/E87,"") -> 1695.957 | H87: 0.58133454 | I87: =(B87/('Consumidores Inadimplentes'!B123*1000000)) -> 0.015478852
A88: 46023 | B88: 1266599 | C88: 5758631 | D88: 9923624607 | E88: =IFERROR(C88/B88,"") -> 4.5465305 | F88: =IFERROR(D88/B88,"") -> 7834.859 | G88: =IFERROR(F88/E88,"") -> 1723.2611 | H88: 0.58492476 | I88: =(B88/('Consumidores Inadimplentes'!B124*1000000)) -> 0.01557562
A89: 46054 | B89: 1275077 | C89: 5838270 | D89: 10174985425 | E89: =IFERROR(C89/B89,"") -> 4.5787588 | F89: =IFERROR(D89/B89,"") -> 7979.8988 | G89: =IFERROR(F89/E89,"") -> 1742.8083 | H89: 0.58827923 | I89: =(B89/('Consumidores Inadimplentes'!B125*1000000)) -> 0.015600723
A90: 46082 | B90: 1291935 | C90: 5931677 | D90: 10554613071 | E90: =IFERROR(C90/B90,"") -> 4.5913123 | F90: =IFERROR(D90/B90,"") -> 8169.6162 | G90: =IFERROR(F90/E90,"") -> 1779.3641 | H90: 0.59548936 | I90: =(B90/('Consumidores Inadimplentes'!B126*1000000)) -> 0.015596959
A91: 46113 | B91: 1304115 | C91: 6050208 | D91: 10825824120 | E91: =IFERROR(C91/B91,"") -> 4.6393209 | F91: =IFERROR(D91/B91,"") -> 8301.2803 | G91: =IFERROR(F91/E91,"") -> 1789.3309 | H91: 0.60053131 | I91: =(B91/('Consumidores Inadimplentes'!B127*1000000)) -> 0.015638897
A92: 46143 | B92: 1306986 | C92: 6130700 | D92: 10962880870 | E92: =IFERROR(C92/B92,"") -> 4.6907159 | F92: =IFERROR(D92/B92,"") -> 8387.9099 | G92: =IFERROR(F92/E92,"") -> 1788.194 | H92: 0.60128051 | I92: =(B92/('Consumidores Inadimplentes'!B128*1000000)) -> 0.015651993
A93: 46174 | B93: 1312916 | C93: 6179542 | D93: 11073891159 | E93: =IFERROR(C93/B93,"") -> 4.7067307 | F93: =IFERROR(D93/B93,"") -> 8434.577 | G93: =IFERROR(F93/E93,"") -> 1792.0246 | H93: 0.60343368 | I93: =(B93/('Consumidores Inadimplentes'!B129*1000000)) -> 0.015678932
A94: 46204 | B94: 1313053 | C94: 6202664 | D94: 11161304790 | E94: =IFERROR(C94/B94,"") -> 4.7238489 | F94: =IFERROR(D94/B94,"") -> 8500.2698 | G94: =IFERROR(F94/E94,"") -> 1799.4373 | H94: 0.60292247 | I94: =(B94/('Consumidores Inadimplentes'!B130*1000000)) -> 0.015644263
A95: 46235
A96: 46266
A97: 46296
A98: 46327
A99: 46357

Sheet MT
A2: Indicador Serasa Experian de Inadimplência do Consumidor - Mato Grosso
A3: Mês | B3: Consumidores Inadimplentes | C3: Dívidas Negativadas | D3: Dívidas Negativadas (R$) | E3: Dívida Média (por CPF) | F3: Dívida Média (R$) | G3: Ticket Médio (R$) | H3: % da População Adulta | I3: % da População Inadimplente
A4: 43466 | B4: 1108589 | C4: 4457170 | D4: 4.5154763e+09 | E4: =C4/B4 -> 4.0205793 | F4: =D4/B4 -> 4073.1744 | G4: =F4/E4 -> 1013.0815 | H4: 0.43749339 | I4: =(B4/('Consumidores Inadimplentes'!B40*1000000)) -> 0.017829742
A5: 43497 | B5: 1115794 | C5: 4465849 | D5: 4.4929446e+09 | E5: =C5/B5 -> 4.0023956 | F5: =D5/B5 -> 4026.6793 | G5: =F5/E5 -> 1006.0673 | H5: 0.43945176 | I5: =(B5/('Consumidores Inadimplentes'!B41*1000000)) -> 0.017946629
A6: 43525 | B6: 1139245 | C6: 4527942 | D6: 4.6071926e+09 | E6: =C6/B6 -> 3.9745112 | F6: =D6/B6 -> 4044.0753 | G6: =F6/E6 -> 1017.5026 | H6: 0.44802484 | I6: =(B6/('Consumidores Inadimplentes'!B42*1000000)) -> 0.018094719
A7: 43556 | B7: 1160010 | C7: 4573109 | D7: 4.6223251e+09 | E7: =C7/B7 -> 3.9423014 | F7: =D7/B7 -> 3984.7286 | G7: =F7/E7 -> 1010.7621 | H7: 0.45507926 | I7: =(B7/('Consumidores Inadimplentes'!B43*1000000)) -> 0.018353019
A8: 43586 | B8: 1134721 | C8: 4514349 | D8: 4.7117512e+09 | E8: =C8/B8 -> 3.9783779 | F8: =D8/B8 -> 4152.3434 | G8: =F8/E8 -> 1043.7277 | H8: 0.44124048 | I8: =(B8/('Consumidores Inadimplentes'!B44*1000000)) -> 0.017904975
A9: 43617 | B9: 1161902 | C9: 4572864 | D9: 4.7301791e+09 | E9: =C9/B9 -> 3.935671 | F9: =D9/B9 -> 4071.0655 | G9: =F9/E9 -> 1034.4019 | H9: 0.45647661 | I9: =(B9/('Consumidores Inadimplentes'!B45*1000000)) -> 0.018311921
A10: 43647 | B10: 1162279 | C10: 4588264 | D10: 4.7576511e+09 | E10: =C10/B10 -> 3.9476442 | F10: =D10/B10 -> 4093.3813 | G10: =F10/E10 -> 1036.9175 | H10: 0.45546564 | I10: =(B10/('Consumidores Inadimplentes'!B46*1000000)) -> 0.018314171
A11: 43678 | B11: 1181726 | C11: 4684654 | D11: 4.8562908e+09 | E11: =C11/B11 -> 3.9642472 | F11: =D11/B11 -> 4109.4897 | G11: =F11/E11 -> 1036.6381 | H11: 0.46242946 | I11: =(B11/('Consumidores Inadimplentes'!B47*1000000)) -> 0.018631001
A12: 43709 | B12: 1191105 | C12: 4688444 | D12: 4.7876724e+09 | E12: =C12/B12 -> 3.9362139 | F12: =D12/B12 -> 4019.5217 | G12: =F12/E12 -> 1021.1645 | H12: 0.46533228 | I12: =(B12/('Consumidores Inadimplentes'!B48*1000000)) -> 0.018844627
A13: 43739 | B13: 1202219 | C13: 4818367 | D13: 4.8832903e+09 | E13: =C13/B13 -> 4.0078946 | F13: =D13/B13 -> 4061.8974 | G13: =F13/E13 -> 1013.4741 | H13: 0.46890099 | I13: =(B13/('Consumidores Inadimplentes'!B49*1000000)) -> 0.018828386
A14: 43770 | B14: 1235086 | C14: 4956279 | D14: 5.045707e+09 | E14: =C14/B14 -> 4.0129019 | F14: =D14/B14 -> 4085.3083 | G14: =F14/E14 -> 1018.0434 | H14: 0.48092702 | I14: =(B14/('Consumidores Inadimplentes'!B50*1000000)) -> 0.019346292
A15: 43800 | B15: 1200685 | C15: 4874629 | D15: 5.085392e+09 | E15: =C15/B15 -> 4.0598733 | F15: =D15/B15 -> 4235.4089 | G15: =F15/E15 -> 1043.2367 | H15: 0.46676199 | I15: =(B15/('Consumidores Inadimplentes'!B51*1000000)) -> 0.018965967
... A83: 45870 | B83: 1443402 | C83: 7254008 | D83: 10767370560 | E83: =C83/B83 -> 5.0256325 | F83: =D83/B83 -> 7459.7171 | G83: =F83/E83 -> 1484.334 | H83: 0.50686927 | I83: =(B83/('Consumidores Inadimplentes'!B119*1000000)) -> 0.018305938
A84: 45901 | B84: 1454285 | C84: 7318962 | D84: 10868575518 | E84: =IFERROR(C84/B84,"") -> 5.0326875 | F84: =IFERROR(D84/B84,"") -> 7473.4839 | G84: =IFERROR(F84/E84,"") -> 1484.9887 | H84: 0.50996391 | I84: =(B84/('Consumidores Inadimplentes'!B120*1000000)) -> 0.01836985
A85: 45931 | B85: 1487404 | C85: 7463590 | D85: 11153731376 | E85: =IFERROR(C85/B85,"") -> 5.0178633 | F85: =IFERROR(D85/B85,"") -> 7498.7908 | G85: =IFERROR(F85/E85,"") -> 1494.4191 | H85: 0.52083492 | I85: =(B85/('Consumidores Inadimplentes'!B121*1000000)) -> 0.018491648
A86: 45962 | B86: 1485241 | C86: 7471695 | D86: 11316705972 | E86: =IFERROR(C86/B86,"") -> 5.030628 | F86: =IFERROR(D86/B86,"") -> 7619.4409 | G86: =IFERROR(F86/E86,"") -> 1514.6103 | H86: 0.51933701 | I86: =(B86/('Consumidores Inadimplentes'!B122*1000000)) -> 0.018425052
A87: 45992 | B87: 1476504 | C87: 7443169 | D87: 11263801251 | E87: =IFERROR(C87/B87,"") -> 5.0410761 | F87: =IFERROR(D87/B87,"") -> 7628.6967 | G87: =IFERROR(F87/E87,"") -> 1513.3072 | H87: 0.51554685 | I87: =(B87/('Consumidores Inadimplentes'!B123*1000000)) -> 0.018172801
A88: 46023 | B88: 1489895 | C88: 7520375 | D88: 11516036062 | E88: =IFERROR(C88/B88,"") -> 5.0475872 | F88: =IFERROR(D88/B88,"") -> 7729.428 | G88: =IFERROR(F88/E88,"") -> 1531.3114 | H88: 0.51948195 | I88: =(B88/('Consumidores Inadimplentes'!B124*1000000)) -> 0.018321535
A89: 46054 | B89: 1521411 | C89: 7700606 | D89: 11860327459 | E89: =IFERROR(C89/B89,"") -> 5.0614896 | F89: =IFERROR(D89/B89,"") -> 7795.6104 | G89: =IFERROR(F89/E89,"") -> 1540.1811 | H89: 0.52971541 | I89: =(B89/('Consumidores Inadimplentes'!B125*1000000)) -> 0.01861465
A90: 46082 | B90: 1534672 | C90: 7853963 | D90: 12338468618 | E90: =IFERROR(C90/B90,"") -> 5.1176818 | F90: =IFERROR(D90/B90,"") -> 8039.8083 | G90: =IFERROR(F90/E90,"") -> 1570.9863 | H90: 0.53357179 | I90: =(B90/('Consumidores Inadimplentes'!B126*1000000)) -> 0.018527416
A91: 46113 | B91: 1543394 | C91: 7970262 | D91: 12774275183 | E91: =IFERROR(C91/B91,"") -> 5.1641136 | F91: =IFERROR(D91/B91,"") -> 8276.7428 | G91: =IFERROR(F91/E91,"") -> 1602.7422 | H91: 0.53584023 | I91: =(B91/('Consumidores Inadimplentes'!B127*1000000)) -> 0.018508322
A92: 46143 | B92: 1547544 | C92: 8049430 | D92: 12994014874 | E92: =IFERROR(C92/B92,"") -> 5.2014224 | F92: =IFERROR(D92/B92,"") -> 8396.5399 | G92: =IFERROR(F92/E92,"") -> 1614.2776 | H92: 0.53651603 | I92: =(B92/('Consumidores Inadimplentes'!B128*1000000)) -> 0.018532829
A93: 46174 | B93: 1550733 | C93: 8077587 | D93: 13184693368 | E93: =IFERROR(C93/B93,"") -> 5.2088832 | F93: =IFERROR(D93/B93,"") -> 8502.2331 | G93: =IFERROR(F93/E93,"") -> 1632.2564 | H93: 0.5368561 | I93: =(B93/('Consumidores Inadimplentes'!B129*1000000)) -> 0.018518958
A94: 46204 | B94: 1551759 | C94: 8101312 | D94: 13415495554 | E94: =IFERROR(C94/B94,"") -> 5.2207282 | F94: =IFERROR(D94/B94,"") -> 8645.3473 | G94: =IFERROR(F94/E94,"") -> 1655.9658 | H94: 0.53644652 | I94: =(B94/('Consumidores Inadimplentes'!B130*1000000)) -> 0.018488306
A95: 46235
A96: 46266
A97: 46296
A98: 46327
A99: 46357

Sheet PA
A2: Indicador Serasa Experian de Inadimplência do Consumidor - Pará
A3: Mês | B3: Consumidores Inadimplentes | C3: Dívidas Negativadas | D3: Dívidas Negativadas (R$) | E3: Dívida Média (por CPF) | F3: Dívida Média (R$) | G3: Ticket Médio (R$) | H3: % da População Adulta | I3: % da População Inadimplente
A4: 43466 | B4: 2434490 | C4: 8073752 | D4: 7.2670855e+09 | E4: =C4/B4 -> 3.3164038 | F4: =D4/B4 -> 2985.0546 | G4: =F4/E4 -> 900.08778 | H4: 0.43127262 | I4: =(B4/('Consumidores Inadimplentes'!B40*1000000)) -> 0.039154574
A5: 43497 | B5: 2435258 | C5: 7992586 | D5: 7.1953576e+09 | E5: =C5/B5 -> 3.2820284 | F5: =D5/B5 -> 2954.6593 | G5: =F5/E5 -> 900.25401 | H5: 0.43071494 | I5: =(B5/('Consumidores Inadimplentes'!B41*1000000)) -> 0.039169122
A6: 43525 | B6: 2448854 | C6: 7966185 | D6: 7.2786327e+09 | E6: =C6/B6 -> 3.2530257 | F6: =D6/B6 -> 2972.2608 | G6: =F6/E6 -> 913.69114 | H6: 0.43234905 | I6: =(B6/('Consumidores Inadimplentes'!B42*1000000)) -> 0.038895344
A7: 43556 | B7: 2448453 | C7: 7864870 | D7: 7.4755304e+09 | E7: =C7/B7 -> 3.2121793 | F7: =D7/B7 -> 3053.1648 | G7: =F7/E7 -> 950.49637 | H7: 0.43146341 | I7: =(B7/('Consumidores Inadimplentes'!B43*1000000)) -> 0.038738033
A8: 43586 | B8: 2474871 | C8: 7901415 | D8: 7.4787181e+09 | E8: =C8/B8 -> 3.1926573 | F8: =D8/B8 -> 3021.8618 | G8: =F8/E8 -> 946.50364 | H8: 0.43309779 | I8: =(B8/('Consumidores Inadimplentes'!B44*1000000)) -> 0.039051454
A9: 43617 | B9: 2474026 | C9: 7802223 | D9: 7.4841949e+09 | E9: =C9/B9 -> 3.1536544 | F9: =D9/B9 -> 3025.1076 | G9: =F9/E9 -> 959.23878 | H9: 0.43358394 | I9: =(B9/('Consumidores Inadimplentes'!B45*1000000)) -> 0.038991384
A10: 43647 | B10: 2481206 | C10: 7756634 | D10: 7.4943336e+09 | E10: =C10/B10 -> 3.1261548 | F10: =D10/B10 -> 3020.4399 | G10: =F10/E10 -> 966.18373 | H10: 0.43384571 | I10: =(B10/('Consumidores Inadimplentes'!B46*1000000)) -> 0.039096664
A11: 43678 | B11: 2478648 | C11: 7711776 | D11: 7.6000565e+09 | E11: =C11/B11 -> 3.1112832 | F11: =D11/B11 -> 3066.2105 | G11: =F11/E11 -> 985.51314 | H11: 0.43243828 | I11: =(B11/('Consumidores Inadimplentes'!B47*1000000)) -> 0.039078173
A12: 43709 | B12: 2461254 | C12: 7536241 | D12: 7.4799693e+09 | E12: =C12/B12 -> 3.0619518 | F12: =D12/B12 -> 3039.0887 | G12: =F12/E12 -> 992.53318 | H12: 0.42880528 | I12: =(B12/('Consumidores Inadimplentes'!B48*1000000)) -> 0.03893982
A13: 43739 | B13: 2482876 | C13: 7532648 | D13: 7.519705e+09 | E13: =C13/B13 -> 3.0338398 | F13: =D13/B13 -> 3028.6269 | G13: =F13/E13 -> 998.28174 | H13: 0.43196957 | I13: =(B13/('Consumidores Inadimplentes'!B49*1000000)) -> 0.038885218
A14: 43770 | B14: 2474361 | C14: 7516778 | D14: 7.5059707e+09 | E14: =C14/B14 -> 3.0378663 | F14: =D14/B14 -> 3033.4986 | G14: =F14/E14 -> 998.56225 | H14: 0.42988831 | I14: =(B14/('Consumidores Inadimplentes'!B50*1000000)) -> 0.0387582
A15: 43800 | B15: 2446739 | C15: 7576097 | D15: 7.4439665e+09 | E15: =C15/B15 -> 3.0964059 | F15: =D15/B15 -> 3042.4032 | G15: =F15/E15 -> 982.55956 | H15: 0.42449705 | I15: =(B15/('Consumidores Inadimplentes'!B51*1000000)) -> 0.038648581
... A83: 45870 | B83: 2923930 | C83: 8896136 | D83: 14107537577 | E83: =C83/B83 -> 3.042527 | F83: =D83/B83 -> 4824.8548 | G83: =F83/E83 -> 1585.8051 | H83: 0.46594237 | I83: =(B83/('Consumidores Inadimplentes'!B119*1000000)) -> 0.037082725
A84: 45901 | B84: 2920285 | C84: 8845665 | D84: 14216319120 | E84: =IFERROR(C84/B84,"") -> 3.0290417 | F84: =IFERROR(D84/B84,"") -> 4868.1273 | G84: =IFERROR(F84/E84,"") -> 1607.151 | H84: 0.46482302 | I84: =(B84/('Consumidores Inadimplentes'!B120*1000000)) -> 0.036887678
A85: 45931 | B85: 2947474 | C85: 8960328 | D85: 14507953672 | E85: =IFERROR(C85/B85,"") -> 3.0400024 | F85: =IFERROR(D85/B85,"") -> 4922.1651 | G85: =IFERROR(F85/E85,"") -> 1619.132 | H85: 0.46860785 | I85: =(B85/('Consumidores Inadimplentes'!B121*1000000)) -> 0.036643474
A86: 45962 | B86: 2941202 | C86: 8923659 | D86: 14638630350 | E86: =IFERROR(C86/B86,"") -> 3.0340177 | F86: =IFERROR(D86/B86,"") -> 4977.0911 | G86: =IFERROR(F86/E86,"") -> 1640.4292 | H86: 0.46706964 | I86: =(B86/('Consumidores Inadimplentes'!B122*1000000)) -> 0.036486874
A87: 45992 | B87: 2986610 | C87: 9114963 | D87: 14932892759 | E87: =IFERROR(C87/B87,"") -> 3.0519428 | F87: =IFERROR(D87/B87,"") -> 4999.9474 | G87: =IFERROR(F87/E87,"") -> 1638.2834 | H87: 0.47373174 | I87: =(B87/('Consumidores Inadimplentes'!B123*1000000)) -> 0.036759175
A88: 46023 | B88: 2961068 | C88: 8737184 | D88: 14169182219 | E88: =IFERROR(C88/B88,"") -> 2.9506867 | F88: =IFERROR(D88/B88,"") -> 4785.1593 | G88: =IFERROR(F88/E88,"") -> 1621.7104 | H88: 0.46913686 | I88: =(B88/('Consumidores Inadimplentes'!B124*1000000)) -> 0.036412842
A89: 46054 | B89: 2988306 | C89: 8904594 | D89: 14656026545 | E89: =IFERROR(C89/B89,"") -> 2.9798133 | F89: =IFERROR(D89/B89,"") -> 4904.4598 | G89: =IFERROR(F89/E89,"") -> 1645.895 | H89: 0.47290446 | I89: =(B89/('Consumidores Inadimplentes'!B125*1000000)) -> 0.03656229
A90: 46082 | B90: 3044284 | C90: 9181419 | D90: 15308824980 | E90: =IFERROR(C90/B90,"") -> 3.0159535 | F90: =IFERROR(D90/B90,"") -> 5028.7112 | G90: =IFERROR(F90/E90,"") -> 1667.3703 | H90: 0.48120565 | I90: =(B90/('Consumidores Inadimplentes'!B126*1000000)) -> 0.036752293
A91: 46113 | B91: 3117166 | C91: 9800404 | D91: 15650638084 | E91: =IFERROR(C91/B91,"") -> 3.1440109 | F91: =IFERROR(D91/B91,"") -> 5020.7907 | G91: =IFERROR(F91/E91,"") -> 1596.9381 | H91: 0.49215585 | I91: =(B91/('Consumidores Inadimplentes'!B127*1000000)) -> 0.037380935
A92: 46143 | B92: 3101091 | C92: 9734516 | D92: 15804105349 | E92: =IFERROR(C92/B92,"") -> 3.1390617 | F92: =IFERROR(D92/B92,"") -> 5096.3049 | G92: =IFERROR(F92/E92,"") -> 1623.5122 | H92: 0.48905131 | I92: =(B92/('Consumidores Inadimplentes'!B128*1000000)) -> 0.037137549
A93: 46174 | B93: 3119222 | C93: 9801604 | D93: 16044384280 | E93: =IFERROR(C93/B93,"") -> 3.1423233 | F93: =IFERROR(D93/B93,"") -> 5143.7135 | G93: =IFERROR(F93/E93,"") -> 1636.9141 | H93: 0.49134141 | I93: =(B93/('Consumidores Inadimplentes'!B129*1000000)) -> 0.03724996
A94: 46204 | B94: 3145775 | C94: 9939740 | D94: 16239448235 | E94: =IFERROR(C94/B94,"") -> 3.159711 | F94: =IFERROR(D94/B94,"") -> 5162.3044 | G94: =IFERROR(F94/E94,"") -> 1633.79 | H94: 0.4949507 | I94: =(B94/('Consumidores Inadimplentes'!B130*1000000)) -> 0.03748008
A95: 46235
A96: 46266
A97: 46296
A98: 46327
A99: 46357

Sheet PB
A2: Indicador Serasa Experian de Inadimplência do Consumidor - Paraíba
A3: Mês | B3: Consumidores Inadimplentes | C3: Dívidas Negativadas | D3: Dívidas Negativadas (R$) | E3: Dívida Média (por CPF) | F3: Dívida Média (R$) | G3: Ticket Médio (R$) | H3: % da População Adulta | I3: % da População Inadimplente
A4: 43466 | B4: 982919 | C4: 3209367 | D4: 3.1025829e+09 | E4: =C4/B4 -> 3.2651388 | F4: =D4/B4 -> 3156.499 | G4: =F4/E4 -> 966.72735 | H4: 0.33710963 | I4: =(B4/('Consumidores Inadimplentes'!B40*1000000)) -> 0.015808557
A5: 43497 | B5: 989232 | C5: 3202354 | D5: 3.0826398e+09 | E5: =C5/B5 -> 3.2372123 | F5: =D5/B5 -> 3116.195 | G5: =F5/E5 -> 962.61682 | H5: 0.33879694 | I5: =(B5/('Consumidores Inadimplentes'!B41*1000000)) -> 0.015910983
A6: 43525 | B6: 1021860 | C6: 3283738 | D6: 3184945812 | E6: =C6/B6 -> 3.2134911 | F6: =D6/B6 -> 3116.8123 | G6: =F6/E6 -> 969.91472 | H6: 0.34940951 | I6: =(B6/('Consumidores Inadimplentes'!B42*1000000)) -> 0.016230284
A7: 43556 | B7: 1006521 | C7: 3234217 | D7: 3.18224e+09 | E7: =C7/B7 -> 3.2132633 | F7: =D7/B7 -> 3161.6231 | G7: =F7/E7 -> 983.92904 | H7: 0.34346134 | I7: =(B7/('Consumidores Inadimplentes'!B43*1000000)) -> 0.015924604
A8: 43586 | B8: 1021511 | C8: 3238860 | D8: 3.2614826e+09 | E8: =C8/B8 -> 3.170656 | F8: =D8/B8 -> 3192.8023 | G8: =F8/E8 -> 1006.9847 | H8: 0.3450674 | I8: =(B8/('Consumidores Inadimplentes'!B44*1000000)) -> 0.016118614
A9: 43617 | B9: 1014077 | C9: 3213551 | D9: 3.2891677e+09 | E9: =C9/B9 -> 3.1689418 | F9: =D9/B9 -> 3243.5088 | G9: =F9/E9 -> 1023.5306 | H9: 0.34589705 | I9: =(B9/('Consumidores Inadimplentes'!B45*1000000)) -> 0.015982155
A10: 43647 | B10: 1018510 | C10: 3206083 | D10: 3.2891594e+09 | E10: =C10/B10 -> 3.1478169 | F10: =D10/B10 -> 3229.3835 | G10: =F10/E10 -> 1025.9121 | H10: 0.3466996 | I10: =(B10/('Consumidores Inadimplentes'!B46*1000000)) -> 0.016048786
A11: 43678 | B11: 1030324 | C11: 3235675 | D11: 3.3985793e+09 | E11: =C11/B11 -> 3.1404442 | F11: =D11/B11 -> 3298.554 | G11: =F11/E11 -> 1050.3463 | H11: 0.34882392 | I11: =(B11/('Consumidores Inadimplentes'!B47*1000000)) -> 0.016244009
A12: 43709 | B12: 1019494 | C12: 3173084 | D12: 3.3618386e+09 | E12: =C12/B12 -> 3.1124107 | F12: =D12/B12 -> 3297.556 | G12: =F12/E12 -> 1059.4862 | H12: 0.3448013 | I12: =(B12/('Consumidores Inadimplentes'!B48*1000000)) -> 0.016129547
A13: 43739 | B13: 1034498 | C13: 3184489 | D13: 3.3876933e+09 | E13: =C13/B13 -> 3.078294 | F13: =D13/B13 -> 3274.7219 | G13: =F13/E13 -> 1063.8106 | H13: 0.34951488 | I13: =(B13/('Consumidores Inadimplentes'!B49*1000000)) -> 0.016201647
A14: 43770 | B14: 1055268 | C14: 3190533 | D14: 3.4035171e+09 | E14: =C14/B14 -> 3.0234339 | F14: =D14/B14 -> 3225.2632 | G14: =F14/E14 -> 1066.755 | H14: 0.35616437 | I14: =(B14/('Consumidores Inadimplentes'!B50*1000000)) -> 0.016529637
A15: 43800 | B15: 1017512 | C15: 3080538 | D15: 3.4031579e+09 | E15: =C15/B15 -> 3.0275201 | F15: =D15/B15 -> 3344.5875 | G15: =F15/E15 -> 1104.7284 | H15: 0.34306699 | I15: =(B15/('Consumidores Inadimplentes'!B51*1000000)) -> 0.016072575
... A83: 45870 | B83: 1377871 | C83: 4565855 | D83: 7558879099 | E83: =C83/B83 -> 3.3137028 | F83: =D83/B83 -> 5485.912 | G83: =F83/E83 -> 1655.5232 | H83: 0.43737979 | I83: =(B83/('Consumidores Inadimplentes'!B119*1000000)) -> 0.017474841
A84: 45901 | B84: 1390049 | C84: 4613775 | D84: 7581706853 | E84: =IFERROR(C84/B84,"") -> 3.3191456 | F84: =IFERROR(D84/B84,"") -> 5454.2731 | G84: =IFERROR(F84/E84,"") -> 1643.2762 | H84: 0.44089964 | I84: =(B84/('Consumidores Inadimplentes'!B120*1000000)) -> 0.01755845
A85: 45931 | B85: 1422349 | C85: 4736190 | D85: 7726514024 | E85: =IFERROR(C85/B85,"") -> 3.3298368 | F85: =IFERROR(D85/B85,"") -> 5432.2209 | G85: =IFERROR(F85/E85,"") -> 1631.3775 | H85: 0.45079105 | I85: =(B85/('Consumidores Inadimplentes'!B121*1000000)) -> 0.017682873
A86: 45962 | B86: 1392051 | C86: 4598927 | D86: 7526554343 | E86: =IFERROR(C86/B86,"") -> 3.3037058 | F86: =IFERROR(D86/B86,"") -> 5406.8093 | G86: =IFERROR(F86/E86,"") -> 1636.5892 | H86: 0.44084278 | I86: =(B86/('Consumidores Inadimplentes'!B122*1000000)) -> 0.01726899
A87: 45992 | B87: 1417141 | C87: 4680040 | D87: 7657441882 | E87: =IFERROR(C87/B87,"") -> 3.3024519 | F87: =IFERROR(D87/B87,"") -> 5403.4439 | G87: =IFERROR(F87/E87,"") -> 1636.1915 | H87: 0.44843666 | I87: =(B87/('Consumidores Inadimplentes'!B123*1000000)) -> 0.017442161
A88: 46023 | B88: 1376313 | C88: 4425081 | D88: 7480066097 | E88: =IFERROR(C88/B88,"") -> 3.2151705 | F88: =IFERROR(D88/B88,"") -> 5434.8583 | G88: =IFERROR(F88/E88,"") -> 1690.3795 | H88: 0.43517577 | I88: =(B88/('Consumidores Inadimplentes'!B124*1000000)) -> 0.016924795
A89: 46054 | B89: 1377777 | C89: 4451656 | D89: 7682321148 | E89: =IFERROR(C89/B89,"") -> 3.2310425 | F89: =IFERROR(D89/B89,"") -> 5575.8814 | G89: =IFERROR(F89/E89,"") -> 1725.7221 | H89: 0.43529733 | I89: =(B89/('Consumidores Inadimplentes'!B125*1000000)) -> 0.01685727
A90: 46082 | B90: 1394915 | C90: 4563785 | D90: 7978422005 | E90: =IFERROR(C90/B90,"") -> 3.2717298 | F90: =IFERROR(D90/B90,"") -> 5719.6474 | G90: =IFERROR(F90/E90,"") -> 1748.2029 | H90: 0.44036662 | I90: =(B90/('Consumidores Inadimplentes'!B126*1000000)) -> 0.016840191
A91: 46113 | B91: 1402134 | C91: 4594224 | D91: 8050292562 | E91: =IFERROR(C91/B91,"") -> 3.2765941 | F91: =IFERROR(D91/B91,"") -> 5741.4574 | G91: =IFERROR(F91/E91,"") -> 1752.2638 | H91: 0.44229877 | I91: =(B91/('Consumidores Inadimplentes'!B127*1000000)) -> 0.016814337
A92: 46143 | B92: 1389423 | C92: 4530701 | D92: 8053387042 | E92: =IFERROR(C92/B92,"") -> 3.2608507 | F92: =IFERROR(D92/B92,"") -> 5796.2097 | G92: =IFERROR(F92/E92,"") -> 1777.5146 | H92: 0.43794569 | I92: =(B92/('Consumidores Inadimplentes'!B128*1000000)) -> 0.016639229
A93: 46174 | B93: 1389915 | C93: 4523164 | D93: 8087309465 | E93: =IFERROR(C93/B93,"") -> 3.2542738 | F93: =IFERROR(D93/B93,"") -> 5818.5641 | G93: =IFERROR(F93/E93,"") -> 1787.9762 | H93: 0.43775747 | I93: =(B93/('Consumidores Inadimplentes'!B129*1000000)) -> 0.016598459
A94: 46204 | B94: 1392030 | C94: 4547020 | D94: 8164488106 | E94: =IFERROR(C94/B94,"") -> 3.266467 | F94: =IFERROR(D94/B94,"") -> 5865.1668 | G94: =IFERROR(F94/E94,"") -> 1795.569 | H94: 0.43808004 | I94: =(B94/('Consumidores Inadimplentes'!B130*1000000)) -> 0.016585228
A95: 46235
A96: 46266
A97: 46296
A98: 46327
A99: 46357

Sheet PE
A2: Indicador Serasa Experian de Inadimplência do Consumidor - Pernambuco
A3: Mês | B3: Consumidores Inadimplentes | C3: Dívidas Negativadas | D3: Dívidas Negativadas (R$) | E3: Dívida Média (por CPF) | F3: Dívida Média (R$) | G3: Ticket Médio (R$) | H3: % da População Adulta | I3: % da População Inadimplente
A4: 43466 | B4: 2801398 | C4: 8076545 | D4: 8.5361548e+09 | E4: =C4/B4 -> 2.8830409 | F4: =D4/B4 -> 3047.1053 | G4: =F4/E4 -> 1056.9067 | H4: 0.41548279 | I4: =(B4/('Consumidores Inadimplentes'!B40*1000000)) -> 0.045055656
A5: 43497 | B5: 2801760 | C5: 8037657 | D5: 8.4464316e+09 | E5: =C5/B5 -> 2.8687885 | F5: =D5/B5 -> 3014.6878 | G5: =F5/E5 -> 1050.8574 | H5: 0.41508136 | I5: =(B5/('Consumidores Inadimplentes'!B41*1000000)) -> 0.045064005
A6: 43525 | B6: 2837670 | C6: 8132772 | D6: 8.676395e+09 | E6: =C6/B6 -> 2.8660034 | F6: =D6/B6 -> 3057.5772 | G6: =F6/E6 -> 1066.8435 | H6: 0.41982943 | I6: =(B6/('Consumidores Inadimplentes'!B42*1000000)) -> 0.045070939
A7: 43556 | B7: 2813035 | C7: 7993414 | D7: 8.6150392e+09 | E7: =C7/B7 -> 2.8415622 | F7: =D7/B7 -> 3062.5425 | G7: =F7/E7 -> 1077.7672 | H7: 0.41544994 | I7: =(B7/('Consumidores Inadimplentes'!B43*1000000)) -> 0.044506242
A8: 43586 | B8: 2803290 | C8: 7911931 | D8: 8.6912145e+09 | E8: =C8/B8 -> 2.8223734 | F8: =D8/B8 -> 3100.3623 | G8: =F8/E8 -> 1098.4947 | H8: 0.41117514 | I8: =(B8/('Consumidores Inadimplentes'!B44*1000000)) -> 0.044233639
A9: 43617 | B9: 2793508 | C9: 7870336 | D9: 8.7671808e+09 | E9: =C9/B9 -> 2.8173666 | F9: =D9/B9 -> 3138.4126 | G9: =F9/E9 -> 1113.9525 | H9: 0.41200413 | I9: =(B9/('Consumidores Inadimplentes'!B45*1000000)) -> 0.044026516
A10: 43647 | B10: 2840277 | C10: 7980955 | D10: 8.7493637e+09 | E10: =C10/B10 -> 2.8099214 | F10: =D10/B10 -> 3080.4614 | G10: =F10/E10 -> 1096.2803 | H10: 0.41632862 | I10: =(B10/('Consumidores Inadimplentes'!B46*1000000)) -> 0.04475459
A11: 43678 | B11: 2799780 | C11: 7925572 | D11: 8.9911789e+09 | E11: =C11/B11 -> 2.8307838 | F11: =D11/B11 -> 3211.3876 | G11: =F11/E11 -> 1134.4517 | H11: 0.41008352 | I11: =(B11/('Consumidores Inadimplentes'!B47*1000000)) -> 0.044141116
A12: 43709 | B12: 2774707 | C12: 7828012 | D12: 8.9100717e+09 | E12: =C12/B12 -> 2.8212031 | F12: =D12/B12 -> 3211.1757 | G12: =F12/E12 -> 1138.2292 | H12: 0.40605143 | I12: =(B12/('Consumidores Inadimplentes'!B48*1000000)) -> 0.043899001
A13: 43739 | B13: 2802190 | C13: 7886376 | D13: 8.9719407e+09 | E13: =C13/B13 -> 2.8143616 | F13: =D13/B13 -> 3201.7603 | G13: =F13/E13 -> 1137.6506 | H13: 0.40971044 | I13: =(B13/('Consumidores Inadimplentes'!B49*1000000)) -> 0.04388611
A14: 43770 | B14: 2831142 | C14: 7926956 | D14: 9.0276664e+09 | E14: =C14/B14 -> 2.7999147 | F14: =D14/B14 -> 3188.7014 | G14: =F14/E14 -> 1138.8566 | H14: 0.41357722 | I14: =(B14/('Consumidores Inadimplentes'!B50*1000000)) -> 0.04434679
A15: 43800 | B15: 2770573 | C15: 7754121 | D15: 9.0180876e+09 | E15: =C15/B15 -> 2.7987427 | F15: =D15/B15 -> 3254.954 | G15: =F15/E15 -> 1163.0058 | H15: 0.40437106 | I15: =(B15/('Consumidores Inadimplentes'!B51*1000000)) -> 0.043763849
... A83: 45870 | B83: 3588749 | C83: 10840881 | D83: 18546581982 | E83: =C83/B83 -> 3.0207967 | F83: =D83/B83 -> 5167.9797 | G83: =F83/E83 -> 1710.8003 | H83: 0.49794481 | I83: =(B83/('Consumidores Inadimplentes'!B119*1000000)) -> 0.045514289
A84: 45901 | B84: 3580541 | C84: 10720127 | D84: 18413224304 | E84: =IFERROR(C84/B84,"") -> 2.9939964 | F84: =IFERROR(D84/B84,"") -> 5142.5816 | G84: =IFERROR(F84/E84,"") -> 1717.6312 | H84: 0.49646585 | I84: =(B84/('Consumidores Inadimplentes'!B120*1000000)) -> 0.045227723
A85: 45931 | B85: 3634349 | C85: 11023661 | D85: 18790446988 | E85: =IFERROR(C85/B85,"") -> 3.0331872 | F85: =IFERROR(D85/B85,"") -> 5170.2374 | G85: =IFERROR(F85/E85,"") -> 1704.556 | H85: 0.50358168 | I85: =(B85/('Consumidores Inadimplentes'!B121*1000000)) -> 0.045182816
A86: 45962 | B86: 3606295 | C86: 10801486 | D86: 18352742538 | E86: =IFERROR(C86/B86,"") -> 2.9951754 | F86: =IFERROR(D86/B86,"") -> 5089.0852 | G86: =IFERROR(F86/E86,"") -> 1699.0942 | H86: 0.49935239 | I86: =(B86/('Consumidores Inadimplentes'!B122*1000000)) -> 0.044737638
A87: 45992 | B87: 3631169 | C87: 10974290 | D87: 18682842764 | E87: =IFERROR(C87/B87,"") -> 3.0222471 | F87: =IFERROR(D87/B87,"") -> 5145.1317 | G87: =IFERROR(F87/E87,"") -> 1702.4193 | H87: 0.50245237 | I87: =(B87/('Consumidores Inadimplentes'!B123*1000000)) -> 0.044692402
A88: 46023 | B88: 3618709 | C88: 10874905 | D88: 18237836545 | E88: =IFERROR(C88/B88,"") -> 3.0051891 | F88: =IFERROR(D88/B88,"") -> 5039.8738 | G88: =IFERROR(F88/E88,"") -> 1677.0571 | H88: 0.50038545 | I88: =(B88/('Consumidores Inadimplentes'!B124*1000000)) -> 0.044499984
A89: 46054 | B89: 3638426 | C89: 11069946 | D89: 18711938129 | E89: =IFERROR(C89/B89,"") -> 3.0425096 | F89: =IFERROR(D89/B89,"") -> 5142.8662 | G89: =IFERROR(F89/E89,"") -> 1690.3369 | H89: 0.50276745 | I89: =(B89/('Consumidores Inadimplentes'!B125*1000000)) -> 0.044516588
A90: 46082 | B90: 3679641 | C90: 11365343 | D90: 19338816501 | E90: =IFERROR(C90/B90,"") -> 3.0887097 | F90: =IFERROR(D90/B90,"") -> 5255.6259 | G90: =IFERROR(F90/E90,"") -> 1701.5603 | H90: 0.50811454 | I90: =(B90/('Consumidores Inadimplentes'!B126*1000000)) -> 0.044422677
A91: 46113 | B91: 3649883 | C91: 11402046 | D91: 19438124543 | E91: =IFERROR(C91/B91,"") -> 3.1239484 | F91: =IFERROR(D91/B91,"") -> 5325.6843 | G91: =IFERROR(F91/E91,"") -> 1704.7927 | H91: 0.50366028 | I91: =(B91/('Consumidores Inadimplentes'!B127*1000000)) -> 0.043769257
A92: 46143 | B92: 3652032 | C92: 11387878 | D92: 19544729011 | E92: =IFERROR(C92/B92,"") -> 3.1182306 | F92: =IFERROR(D92/B92,"") -> 5351.7409 | G92: =IFERROR(F92/E92,"") -> 1716.2749 | H92: 0.50361178 | I92: =(B92/('Consumidores Inadimplentes'!B128*1000000)) -> 0.04373542
A93: 46174 | B93: 3642966 | C93: 11376848 | D93: 19634323612 | E93: =IFERROR(C93/B93,"") -> 3.122963 | F93: =IFERROR(D93/B93,"") -> 5389.6533 | G93: =IFERROR(F93/E93,"") -> 1725.814 | H93: 0.50201767 | I93: =(B93/('Consumidores Inadimplentes'!B129*1000000)) -> 0.043504546
A94: 46204 | B94: 3669019 | C94: 11557785 | D94: 19966313879 | E94: =IFERROR(C94/B94,"") -> 3.1501022 | F94: =IFERROR(D94/B94,"") -> 5441.8671 | G94: =IFERROR(F94/E94,"") -> 1727.5208 | H94: 0.50526177 | I94: =(B94/('Consumidores Inadimplentes'!B130*1000000)) -> 0.043714228
A95: 46235
A96: 46266
A97: 46296
A98: 46327
A99: 46357

Sheet PI
A2: Indicador Serasa Experian de Inadimplência do Consumidor - Piauí
A3: Mês | B3: Consumidores Inadimplentes | C3: Dívidas Negativadas | D3: Dívidas Negativadas (R$) | E3: Dívida Média (por CPF) | F3: Dívida Média (R$) | G3: Ticket Médio (R$) | H3: % da População Adulta | I3: % da População Inadimplente
A4: 43466 | B4: 808877 | C4: 4305345 | D4: 2.1365253e+09 | E4: =C4/B4 -> 5.3226201 | F4: =D4/B4 -> 2641.3476 | G4: =F4/E4 -> 496.24951 | H4: 0.34041646 | I4: =(B4/('Consumidores Inadimplentes'!B40*1000000)) -> 0.013009392
A5: 43497 | B5: 810891 | C5: 4293866 | D5: 2.1111426e+09 | E5: =C5/B5 -> 5.2952444 | F5: =D5/B5 -> 2603.4851 | G5: =F5/E5 -> 491.66477 | H5: 0.34085209 | I5: =(B5/('Consumidores Inadimplentes'!B41*1000000)) -> 0.013042515
A6: 43525 | B6: 819568 | C6: 4309227 | D6: 2.162373e+09 | E6: =C6/B6 -> 5.2579249 | F6: =D6/B6 -> 2638.4303 | G6: =F6/E6 -> 501.80067 | H6: 0.34404874 | I6: =(B6/('Consumidores Inadimplentes'!B42*1000000)) -> 0.013017264
A7: 43556 | B7: 816944 | C7: 4255901 | D7: 2.1569847e+09 | E7: =C7/B7 -> 5.2095382 | F7: =D7/B7 -> 2640.3092 | G7: =F7/E7 -> 506.82211 | H7: 0.34228165 | I7: =(B7/('Consumidores Inadimplentes'!B43*1000000)) -> 0.012925224
A8: 43586 | B8: 831228 | C8: 4239080 | D8: 2.1905884e+09 | E8: =C8/B8 -> 5.0997801 | F8: =D8/B8 -> 2635.3641 | G8: =F8/E8 -> 516.76034 | H8: 0.34577417 | I8: =(B8/('Consumidores Inadimplentes'!B44*1000000)) -> 0.013116103
A9: 43617 | B9: 819305 | C9: 4150187 | D9: 2.1784981e+09 | E9: =C9/B9 -> 5.065497 | F9: =D9/B9 -> 2658.9586 | G9: =F9/E9 -> 524.91564 | H9: 0.34173441 | I9: =(B9/('Consumidores Inadimplentes'!B45*1000000)) -> 0.01291249
A10: 43647 | B10: 816215 | C10: 4082538 | D10: 2.1698759e+09 | E10: =C10/B10 -> 5.0017924 | F10: =D10/B10 -> 2658.4612 | G10: =F10/E10 -> 531.5017 | H10: 0.33975287 | I10: =(B10/('Consumidores Inadimplentes'!B46*1000000)) -> 0.012861199
A11: 43678 | B11: 817944 | C11: 4009098 | D11: 2.2137099e+09 | E11: =C11/B11 -> 4.9014333 | F11: =D11/B11 -> 2706.4322 | G11: =F11/E11 -> 552.17157 | H11: 0.3396319 | I11: =(B11/('Consumidores Inadimplentes'!B47*1000000)) -> 0.012895642
A12: 43709 | B12: 812916 | C12: 3939522 | D12: 2.1814251e+09 | E12: =C12/B12 -> 4.8461612 | F12: =D12/B12 -> 2683.4569 | G12: =F12/E12 -> 553.72837 | H12: 0.33720936 | I12: =(B12/('Consumidores Inadimplentes'!B48*1000000)) -> 0.01286125
A13: 43739 | B13: 815206 | C13: 3896691 | D13: 2.2019151e+09 | E13: =C13/B13 -> 4.7800078 | F13: =D13/B13 -> 2701.0536 | G13: =F13/E13 -> 565.07305 | H13: 0.33782394 | I13: =(B13/('Consumidores Inadimplentes'!B49*1000000)) -> 0.012767236
A14: 43770 | B14: 782587 | C14: 3680960 | D14: 2.1676774e+09 | E14: =C14/B14 -> 4.7035793 | F14: =D14/B14 -> 2769.8868 | G14: =F14/E14 -> 588.88914 | H14: 0.32398497 | I14: =(B14/('Consumidores Inadimplentes'!B50*1000000)) -> 0.012258382
A15: 43800 | B15: 781123 | C15: 3611949 | D15: 2.156378e+09 | E15: =C15/B15 -> 4.6240464 | F15: =D15/B15 -> 2760.6126 | G15: =F15/E15 -> 597.01231 | H15: 0.32305817 | I15: =(B15/('Consumidores Inadimplentes'!B51*1000000)) -> 0.012338584
... A83: 45870 | B83: 1010980 | C83: 3062669 | D83: 4844789710 | E83: =C83/B83 -> 3.0294061 | F83: =D83/B83 -> 4792.1717 | G83: =F83/E83 -> 1581.8849 | H83: 0.39509726 | I83: =(B83/('Consumidores Inadimplentes'!B119*1000000)) -> 0.012821748
A84: 45901 | B84: 1017578 | C84: 3064152 | D84: 4907739069 | E84: =IFERROR(C84/B84,"") -> 3.0112208 | F84: =IFERROR(D84/B84,"") -> 4822.9611 | G84: =IFERROR(F84/E84,"") -> 1601.6631 | H84: 0.39739035 | I84: =(B84/('Consumidores Inadimplentes'!B120*1000000)) -> 0.012853571
A85: 45931 | B85: 1029128 | C85: 3132777 | D85: 5005301311 | E85: =IFERROR(C85/B85,"") -> 3.0441082 | F85: =IFERROR(D85/B85,"") -> 4863.6334 | G85: =IFERROR(F85/E85,"") -> 1597.7203 | H85: 0.40161234 | I85: =(B85/('Consumidores Inadimplentes'!B121*1000000)) -> 0.012794286
A86: 45962 | B86: 1024950 | C86: 3110287 | D86: 4993120461 | E86: =IFERROR(C86/B86,"") -> 3.0345744 | F86: =IFERROR(D86/B86,"") -> 4871.5747 | G86: =IFERROR(F86/E86,"") -> 1605.3568 | H86: 0.39969474 | I86: =(B86/('Consumidores Inadimplentes'!B122*1000000)) -> 0.012714945
A87: 45992 | B87: 1028618 | C87: 3105969 | D87: 5055323734 | E87: =IFERROR(C87/B87,"") -> 3.0195554 | F87: =IFERROR(D87/B87,"") -> 4914.6755 | G87: =IFERROR(F87/E87,"") -> 1627.6156 | H87: 0.4008372 | I87: =(B87/('Consumidores Inadimplentes'!B123*1000000)) -> 0.012660223
A88: 46023 | B88: 1035547 | C88: 3123438 | D88: 5139431918 | E88: =IFERROR(C88/B88,"") -> 3.0162204 | F88: =IFERROR(D88/B88,"") -> 4963.0117 | G88: =IFERROR(F88/E88,"") -> 1645.4407 | H88: 0.40324756 | I88: =(B88/('Consumidores Inadimplentes'!B124*1000000)) -> 0.012734327
A89: 46054 | B89: 1047583 | C89: 3198261 | D89: 5325726018 | E89: =IFERROR(C89/B89,"") -> 3.0529906 | F89: =IFERROR(D89/B89,"") -> 5083.8225 | G89: =IFERROR(F89/E89,"") -> 1665.1943 | H89: 0.40764157 | I89: =(B89/('Consumidores Inadimplentes'!B125*1000000)) -> 0.012817306
A90: 46082 | B90: 1059506 | C90: 3272230 | D90: 5544589531 | E90: =IFERROR(C90/B90,"") -> 3.0884488 | F90: =IFERROR(D90/B90,"") -> 5233.1837 | G90: =IFERROR(F90/E90,"") -> 1694.4376 | H90: 0.41198518 | I90: =(B90/('Consumidores Inadimplentes'!B126*1000000)) -> 0.012790947
A91: 46113 | B91: 1066350 | C91: 3305958 | D91: 5649927913 | E91: =IFERROR(C91/B91,"") -> 3.100256 | F91: =IFERROR(D91/B91,"") -> 5298.3804 | G91: =IFERROR(F91/E91,"") -> 1709.0138 | H91: 0.4143487 | I91: =(B91/('Consumidores Inadimplentes'!B127*1000000)) -> 0.012787628
A92: 46143 | B92: 1056490 | C92: 3261160 | D92: 5617216320 | E92: =IFERROR(C92/B92,"") -> 3.0867874 | F92: =IFERROR(D92/B92,"") -> 5316.8665 | G92: =IFERROR(F92/E92,"") -> 1722.4596 | H92: 0.4102227 | I92: =(B92/('Consumidores Inadimplentes'!B128*1000000)) -> 0.012652144
A93: 46174 | B93: 1052101 | C93: 3248083 | D93: 5669932130 | E93: =IFERROR(C93/B93,"") -> 3.087235 | F93: =IFERROR(D93/B93,"") -> 5389.1519 | G93: =IFERROR(F93/E93,"") -> 1745.6242 | H93: 0.40822526 | I93: =(B93/('Consumidores Inadimplentes'!B129*1000000)) -> 0.012564261
A94: 46204 | B94: 1050723 | C94: 3249404 | D94: 5659818874 | E94: =IFERROR(C94/B94,"") -> 3.092541 | F94: =IFERROR(D94/B94,"") -> 5386.5946 | G94: =IFERROR(F94/E94,"") -> 1741.8022 | H94: 0.40739783 | I94: =(B94/('Consumidores Inadimplentes'!B130*1000000)) -> 0.012518754
A95: 46235
A96: 46266
A97: 46296
A98: 46327
A99: 46357

Sheet PR
A2: Indicador Serasa Experian de Inadimplência do Consumidor - Paraná
A3: Mês | B3: Consumidores Inadimplentes | C3: Dívidas Negativadas | D3: Dívidas Negativadas (R$) | E3: Dívida Média (por CPF) | F3: Dívida Média (R$) | G3: Ticket Médio (R$) | H3: % da População Adulta | I3: % da População Inadimplente
A4: 43466 | B4: 3095912 | C4: 11513306 | D4: 1.4279714e+10 | E4: =C4/B4 -> 3.7188738 | F4: =D4/B4 -> 4612.4417 | G4: =F4/E4 -> 1240.2792 | H4: 0.36048315 | I4: =(B4/('Consumidores Inadimplentes'!B40*1000000)) -> 0.049792406
A5: 43497 | B5: 3095019 | C5: 11461565 | D5: 1.4229502e+10 | E5: =C5/B5 -> 3.7032293 | F5: =D5/B5 -> 4597.5493 | G5: =F5/E5 -> 1241.4973 | H5: 0.359933 | I5: =(B5/('Consumidores Inadimplentes'!B41*1000000)) -> 0.049780835
A6: 43525 | B6: 3126561 | C6: 11546212 | D6: 1.4500499e+10 | E6: =C6/B6 -> 3.6929431 | F6: =D6/B6 -> 4637.8429 | G6: =F6/E6 -> 1255.8663 | H6: 0.36301726 | I6: =(B6/('Consumidores Inadimplentes'!B42*1000000)) -> 0.049659418
A7: 43556 | B7: 3098886 | C7: 11233615 | D7: 1.4392369e+10 | E7: =C7/B7 -> 3.6250495 | F7: =D7/B7 -> 4644.3686 | G7: =F7/E7 -> 1281.1877 | H7: 0.35889316 | I7: =(B7/('Consumidores Inadimplentes'!B43*1000000)) -> 0.049028814
A8: 43586 | B8: 3087023 | C8: 11009768 | D8: 1.4552835e+10 | E8: =C8/B8 -> 3.5664678 | F8: =D8/B8 -> 4714.1973 | G8: =F8/E8 -> 1321.8113 | H8: 0.35371213 | I8: =(B8/('Consumidores Inadimplentes'!B44*1000000)) -> 0.048710715
A9: 43617 | B9: 3096862 | C9: 11000605 | D9: 1.46252e+10 | E9: =C9/B9 -> 3.552178 | F9: =D9/B9 -> 4722.587 | G9: =F9/E9 -> 1329.4905 | H9: 0.35972255 | I9: =(B9/('Consumidores Inadimplentes'!B45*1000000)) -> 0.048807465
A10: 43647 | B10: 3097390 | C10: 10959365 | D10: 1.4647707e+10 | E10: =C10/B10 -> 3.538258 | F10: =D10/B10 -> 4729.0482 | G10: =F10/E10 -> 1336.547 | H10: 0.35915036 | I10: =(B10/('Consumidores Inadimplentes'!B46*1000000)) -> 0.048805951
A11: 43678 | B11: 3115332 | C11: 11038399 | D11: 1.4949473e+10 | E11: =C11/B11 -> 3.5432496 | F11: =D11/B11 -> 4798.6774 | G11: =F11/E11 -> 1354.3153 | H11: 0.36150124 | I11: =(B11/('Consumidores Inadimplentes'!B47*1000000)) -> 0.049116084
A12: 43709 | B12: 3107518 | C12: 10892394 | D12: 1.4743023e+10 | E12: =C12/B12 -> 3.5051749 | F12: =D12/B12 -> 4744.308 | G12: =F12/E12 -> 1353.5154 | H12: 0.36022011 | I12: =(B12/('Consumidores Inadimplentes'!B48*1000000)) -> 0.049164447
A13: 43739 | B13: 3133791 | C13: 10933178 | D13: 1.4858774e+10 | E13: =C13/B13 -> 3.4888025 | F13: =D13/B13 -> 4741.4694 | G13: =F13/E13 -> 1359.0535 | H13: 0.36288844 | I13: =(B13/('Consumidores Inadimplentes'!B49*1000000)) -> 0.049079433
A14: 43770 | B14: 3131949 | C14: 10786164 | D14: 1.4709924e+10 | E14: =C14/B14 -> 3.4439143 | F14: =D14/B14 -> 4696.7315 | G14: =F14/E14 -> 1363.7771 | H14: 0.36229857 | I14: =(B14/('Consumidores Inadimplentes'!B50*1000000)) -> 0.049058608
A15: 43800 | B15: 3101860 | C15: 10672360 | D15: 1.4744728e+10 | E15: =C15/B15 -> 3.4406324 | F15: =D15/B15 -> 4753.5117 | G15: =F15/E15 -> 1381.5808 | H15: 0.35844536 | I15: =(B15/('Consumidores Inadimplentes'!B51*1000000)) -> 0.048996844
... A83: 45870 | B83: 3980396 | C83: 16906859 | D83: 29582579947 | E83: =C83/B83 -> 4.2475319 | F83: =D83/B83 -> 7432.0696 | G83: =F83/E83 -> 1749.7384 | H83: 0.43505927 | I83: =(B83/('Consumidores Inadimplentes'!B119*1000000)) -> 0.050481349
A84: 45901 | B84: 3955988 | C84: 16622567 | D84: 29607003468 | E84: =IFERROR(C84/B84,"") -> 4.201875 | F84: =IFERROR(D84/B84,"") -> 7484.0984 | G84: =IFERROR(F84/E84,"") -> 1781.1331 | H84: 0.43207359 | I84: =(B84/('Consumidores Inadimplentes'!B120*1000000)) -> 0.049970195
A85: 45931 | B85: 4050438 | C85: 17089657 | D85: 30472505891 | E85: =IFERROR(C85/B85,"") -> 4.2192121 | F85: =IFERROR(D85/B85,"") -> 7523.2619 | G85: =IFERROR(F85/E85,"") -> 1783.0964 | H85: 0.4420642 | I85: =(B85/('Consumidores Inadimplentes'!B121*1000000)) -> 0.050355702
A86: 45962 | B86: 4082370 | C86: 17302688 | D86: 30804405538 | E86: =IFERROR(C86/B86,"") -> 4.2383929 | F86: =IFERROR(D86/B86,"") -> 7545.7162 | G86: =IFERROR(F86/E86,"") -> 1780.3249 | H86: 0.4452217 | I86: =(B86/('Consumidores Inadimplentes'!B122*1000000)) -> 0.050643553
A87: 45992 | B87: 4067416 | C87: 17313706 | D87: 31216689124 | E87: =IFERROR(C87/B87,"") -> 4.2566843 | F87: =IFERROR(D87/B87,"") -> 7674.8209 | G87: =IFERROR(F87/E87,"") -> 1803.0045 | H87: 0.44326471 | I87: =(B87/('Consumidores Inadimplentes'!B123*1000000)) -> 0.050061727
A88: 46023 | B88: 4094471 | C88: 17530240 | D88: 32223249713 | E88: =IFERROR(C88/B88,"") -> 4.281442 | F88: =IFERROR(D88/B88,"") -> 7869.9421 | G88: =IFERROR(F88/E88,"") -> 1838.1522 | H88: 0.4458851 | I88: =(B88/('Consumidores Inadimplentes'!B124*1000000)) -> 0.050350524
A89: 46054 | B89: 4125170 | C89: 17849008 | D89: 33138631315 | E89: =IFERROR(C89/B89,"") -> 4.3268539 | F89: =IFERROR(D89/B89,"") -> 8033.2765 | G89: =IFERROR(F89/E89,"") -> 1856.6091 | H89: 0.44889793 | I89: =(B89/('Consumidores Inadimplentes'!B125*1000000)) -> 0.05047196
A90: 46082 | B90: 4169710 | C90: 18144277 | D90: 34307365437 | E90: =IFERROR(C90/B90,"") -> 4.3514482 | F90: =IFERROR(D90/B90,"") -> 8227.7582 | G90: =IFERROR(F90/E90,"") -> 1890.8092 | H90: 0.45341116 | I90: =(B90/('Consumidores Inadimplentes'!B126*1000000)) -> 0.050339063
A91: 46113 | B91: 4216925 | C91: 18505407 | D91: 35172033752 | E91: =IFERROR(C91/B91,"") -> 4.3883652 | F91: =IFERROR(D91/B91,"") -> 8340.6828 | G91: =IFERROR(F91/E91,"") -> 1900.6355 | H91: 0.45820816 | I91: =(B91/('Consumidores Inadimplentes'!B127*1000000)) -> 0.050569203
A92: 46143 | B92: 4238605 | C92: 18727999 | D92: 35786201556 | E92: =IFERROR(C92/B92,"") -> 4.4184346 | F92: =IFERROR(D92/B92,"") -> 8442.9197 | G92: =IFERROR(F92/E92,"") -> 1910.8396 | H92: 0.46022529 | I92: =(B92/('Consumidores Inadimplentes'!B128*1000000)) -> 0.050760006
A93: 46174 | B93: 4251807 | C93: 18866090 | D93: 36244959224 | E93: =IFERROR(C93/B93,"") -> 4.4371934 | F93: =IFERROR(D93/B93,"") -> 8524.6012 | G93: =IFERROR(F93/E93,"") -> 1921.1696 | H93: 0.46131935 | I93: =(B93/('Consumidores Inadimplentes'!B129*1000000)) -> 0.050775367
A94: 46204 | B94: 4255486 | C94: 19002422 | D94: 36833338955 | E94: =IFERROR(C94/B94,"") -> 4.4653941 | F94: =IFERROR(D94/B94,"") -> 8655.4953 | G94: =IFERROR(F94/E94,"") -> 1938.3497 | H94: 0.46137902 | I94: =(B94/('Consumidores Inadimplentes'!B130*1000000)) -> 0.050701641
A95: 46235
A96: 46266
A97: 46296
A98: 46327
A99: 46357

Sheet RJ
A2: Indicador Serasa Experian de Inadimplência do Consumidor - Rio de Janeiro
A3: Mês | B3: Consumidores Inadimplentes | C3: Dívidas Negativadas | D3: Dívidas Negativadas (R$) | E3: Dívida Média (por CPF) | F3: Dívida Média (R$) | G3: Ticket Médio (R$) | H3: % da População Adulta | I3: % da População Inadimplente
A4: 43466 | B4: 6103381 | C4: 21488552 | D4: 2.3992744e+10 | E4: =C4/B4 -> 3.520762 | F4: =D4/B4 -> 3931.0578 | G4: =F4/E4 -> 1116.5361 | H4: 0.46318436 | I4: =(B4/('Consumidores Inadimplentes'!B40*1000000)) -> 0.098162359
A5: 43497 | B5: 6104351 | C5: 21442471 | D5: 2.3910024e+10 | E5: =C5/B5 -> 3.5126537 | F5: =D5/B5 -> 3916.8823 | G5: =F5/E5 -> 1115.0778 | H5: 0.46295474 | I5: =(B5/('Consumidores Inadimplentes'!B41*1000000)) -> 0.098183464
A6: 43525 | B6: 6218089 | C6: 21956307 | D6: 2.4540936e+10 | E6: =C6/B6 -> 3.5310378 | F6: =D6/B6 -> 3946.7007 | G6: =F6/E6 -> 1117.7169 | H6: 0.4711068 | I6: =(B6/('Consumidores Inadimplentes'!B42*1000000)) -> 0.098762405
A7: 43556 | B7: 6208821 | C7: 21588665 | D7: 2.443796e+10 | E7: =C7/B7 -> 3.4770957 | F7: =D7/B7 -> 3936.0065 | G7: =F7/E7 -> 1131.981 | H7: 0.46974205 | I7: =(B7/('Consumidores Inadimplentes'!B43*1000000)) -> 0.098232439
A8: 43586 | B8: 6248461 | C8: 21607421 | D8: 2.4763388e+10 | E8: =C8/B8 -> 3.4580389 | F8: =D8/B8 -> 3963.1179 | G8: =F8/E8 -> 1146.0594 | H8: 0.4694999 | I8: =(B8/('Consumidores Inadimplentes'!B44*1000000)) -> 0.098595638
A9: 43617 | B9: 6267527 | C9: 21567400 | D9: 2.4839006e+10 | E9: =C9/B9 -> 3.441134 | F9: =D9/B9 -> 3963.1271 | G9: =F9/E9 -> 1151.6922 | H9: 0.47450978 | I9: =(B9/('Consumidores Inadimplentes'!B45*1000000)) -> 0.098778087
A10: 43647 | B10: 6277070 | C10: 21497334 | D10: 2.4723215e+10 | E10: =C10/B10 -> 3.4247402 | F10: =D10/B10 -> 3938.6553 | G10: =F10/E10 -> 1150.0596 | H10: 0.47488125 | I10: =(B10/('Consumidores Inadimplentes'!B46*1000000)) -> 0.098908555
A11: 43678 | B11: 6281949 | C11: 21467739 | D11: 2.5060485e+10 | E11: =C11/B11 -> 3.4173692 | F11: =D11/B11 -> 3989.285 | G11: =F11/E11 -> 1167.3556 | H11: 0.47420871 | I11: =(B11/('Consumidores Inadimplentes'!B47*1000000)) -> 0.099040724
A12: 43709 | B12: 6240176 | C12: 21065731 | D12: 2.4646574e+10 | E12: =C12/B12 -> 3.3758232 | F12: =D12/B12 -> 3949.6601 | G12: =F12/E12 -> 1169.9843 | H12: 0.47084627 | I12: =(B12/('Consumidores Inadimplentes'!B48*1000000)) -> 0.098726638
A13: 43739 | B13: 6323244 | C13: 21222117 | D13: 2.4838765e+10 | E13: =C13/B13 -> 3.3562072 | F13: =D13/B13 -> 3928.1681 | G13: =F13/E13 -> 1170.4188 | H13: 0.47690232 | I13: =(B13/('Consumidores Inadimplentes'!B49*1000000)) -> 0.099030609
A14: 43770 | B14: 6327961 | C14: 20952574 | D14: 2.4864534e+10 | E14: =C14/B14 -> 3.3111099 | F14: =D14/B14 -> 3929.3121 | G14: =F14/E14 -> 1186.7054 | H14: 0.47704623 | I14: =(B14/('Consumidores Inadimplentes'!B50*1000000)) -> 0.099120693
A15: 43800 | B15: 6254343 | C15: 20580418 | D15: 2.4596119e+10 | E15: =C15/B15 -> 3.2905803 | F15: =D15/B15 -> 3932.6463 | G15: =F15/E15 -> 1195.1224 | H15: 0.47128709 | I15: =(B15/('Consumidores Inadimplentes'!B51*1000000)) -> 0.098793326
... A83: 45870 | B83: 7754254 | C83: 29760977 | D83: 48119053198 | E83: =C83/B83 -> 3.8380194 | F83: =D83/B83 -> 6205.5039 | G83: =F83/E83 -> 1616.8506 | H83: 0.57186071 | I83: =(B83/('Consumidores Inadimplentes'!B119*1000000)) -> 0.098343282
A84: 45901 | B84: 7762963 | C84: 29531487 | D84: 47991390406 | E84: =IFERROR(C84/B84,"") -> 3.8041515 | F84: =IFERROR(D84/B84,"") -> 6182.097 | G84: =IFERROR(F84/E84,"") -> 1625.0922 | H84: 0.57232373 | I84: =(B84/('Consumidores Inadimplentes'!B120*1000000)) -> 0.098058127
A85: 45931 | B85: 7920162 | C85: 30397045 | D85: 49057623775 | E85: =IFERROR(C85/B85,"") -> 3.8379322 | F85: =IFERROR(D85/B85,"") -> 6194.0177 | G85: =IFERROR(F85/E85,"") -> 1613.8945 | H85: 0.58373035 | I85: =(B85/('Consumidores Inadimplentes'!B121*1000000)) -> 0.098464737
A86: 45962 | B86: 7842393 | C86: 29988081 | D86: 49416907342 | E86: =IFERROR(C86/B86,"") -> 3.8238432 | F86: =IFERROR(D86/B86,"") -> 6301.2536 | G86: =IFERROR(F86/E86,"") -> 1647.8849 | H86: 0.57781764 | I86: =(B86/('Consumidores Inadimplentes'!B122*1000000)) -> 0.097288253
A87: 45992 | B87: 7890206 | C87: 30303727 | D87: 50557114352 | E87: =IFERROR(C87/B87,"") -> 3.8406763 | F87: =IFERROR(D87/B87,"") -> 6407.5785 | G87: =IFERROR(F87/E87,"") -> 1668.3464 | H87: 0.58115842 | I87: =(B87/('Consumidores Inadimplentes'!B123*1000000)) -> 0.097112599
A88: 46023 | B88: 7928421 | C88: 30586547 | D88: 51767736287 | E88: =IFERROR(C88/B88,"") -> 3.8578359 | F88: =IFERROR(D88/B88,"") -> 6529.3879 | G88: =IFERROR(F88/E88,"") -> 1692.5002 | H88: 0.5837903 | I88: =(B88/('Consumidores Inadimplentes'!B124*1000000)) -> 0.097497369
A89: 46054 | B89: 7966998 | C89: 30983973 | D89: 53065860721 | E89: =IFERROR(C89/B89,"") -> 3.8890399 | F89: =IFERROR(D89/B89,"") -> 6660.7097 | G89: =IFERROR(F89/E89,"") -> 1712.6874 | H89: 0.58644713 | I89: =(B89/('Consumidores Inadimplentes'!B125*1000000)) -> 0.097477196
A90: 46082 | B90: 8063052 | C90: 31604889 | D90: 54642928573 | E90: =IFERROR(C90/B90,"") -> 3.9197179 | F90: =IFERROR(D90/B90,"") -> 6776.9535 | G90: =IFERROR(F90/E90,"") -> 1728.9391 | H90: 0.59333178 | I90: =(B90/('Consumidores Inadimplentes'!B126*1000000)) -> 0.097341658
A91: 46113 | B91: 8094320 | C91: 31822387 | D91: 55190610302 | E91: =IFERROR(C91/B91,"") -> 3.9314466 | F91: =IFERROR(D91/B91,"") -> 6818.4369 | G91: =IFERROR(F91/E91,"") -> 1734.3328 | H91: 0.59544616 | I91: =(B91/('Consumidores Inadimplentes'!B127*1000000)) -> 0.097066776
A92: 46143 | B92: 8136046 | C92: 31829339 | D92: 55751913602 | E92: =IFERROR(C92/B92,"") -> 3.9121385 | F92: =IFERROR(D92/B92,"") -> 6852.458 | G92: =IFERROR(F92/E92,"") -> 1751.5888 | H92: 0.59832825 | I92: =(B92/('Consumidores Inadimplentes'!B128*1000000)) -> 0.097434356
A93: 46174 | B93: 8142529 | C93: 31589825 | D93: 55909341310 | E93: =IFERROR(C93/B93,"") -> 3.8796085 | F93: =IFERROR(D93/B93,"") -> 6866.3362 | G93: =IFERROR(F93/E93,"") -> 1769.8528 | H93: 0.59861752 | I93: =(B93/('Consumidores Inadimplentes'!B129*1000000)) -> 0.097238632
A94: 46204 | B94: 8099309 | C94: 31736998 | D94: 56393788644 | E94: =IFERROR(C94/B94,"") -> 3.9184822 | F94: =IFERROR(D94/B94,"") -> 6962.7901 | G94: =IFERROR(F94/E94,"") -> 1776.91 | H94: 0.59525363 | I94: =(B94/('Consumidores Inadimplentes'!B130*1000000)) -> 0.096498557
A95: 46235
A96: 46266
A97: 46296
A98: 46327
A99: 46357

Sheet RN
A2: Indicador Serasa Experian de Inadimplência do Consumidor - Rio Grande do Norte
A3: Mês | B3: Consumidores Inadimplentes | C3: Dívidas Negativadas | D3: Dívidas Negativadas (R$) | E3: Dívida Média (por CPF) | F3: Dívida Média (R$) | G3: Ticket Médio (R$) | H3: % da População Adulta | I3: % da População Inadimplente
A4: 43466 | B4: 974288 | C4: 2887536 | D4: 3.2616876e+09 | E4: =C4/B4 -> 2.9637397 | F4: =D4/B4 -> 3347.7654 | G4: =F4/E4 -> 1129.5747 | H4: 0.39238289 | I4: =(B4/('Consumidores Inadimplentes'!B40*1000000)) -> 0.015669742
A5: 43497 | B5: 975972 | C5: 2877623 | D5: 3.21852e+09 | E5: =C5/B5 -> 2.9484688 | F5: =D5/B5 -> 3297.7585 | G5: =F5/E5 -> 1118.4648 | H5: 0.3926404 | I5: =(B5/('Consumidores Inadimplentes'!B41*1000000)) -> 0.015697707
A6: 43525 | B6: 992205 | C6: 2922780 | D6: 3.319739e+09 | E6: =C6/B6 -> 2.9457421 | F6: =D6/B6 -> 3345.8196 | G6: =F6/E6 -> 1135.8155 | H6: 0.39867516 | I6: =(B6/('Consumidores Inadimplentes'!B42*1000000)) -> 0.015759271
A7: 43556 | B7: 990961 | C7: 2886431 | D7: 3.3066587e+09 | E7: =C7/B7 -> 2.9127594 | F7: =D7/B7 -> 3336.8202 | G7: =F7/E7 -> 1145.5873 | H7: 0.39736061 | I7: =(B7/('Consumidores Inadimplentes'!B43*1000000)) -> 0.015678422
A8: 43586 | B8: 994828 | C8: 2863012 | D8: 3.3575166e+09 | E8: =C8/B8 -> 2.8778965 | F8: =D8/B8 -> 3374.9719 | G8: =F8/E8 -> 1172.7218 | H8: 0.39524457 | I8: =(B8/('Consumidores Inadimplentes'!B44*1000000)) -> 0.015697578
A9: 43617 | B9: 997873 | C9: 2868065 | D9: 3.3973762e+09 | E9: =C9/B9 -> 2.8741784 | F9: =D9/B9 -> 3404.6178 | G9: =F9/E9 -> 1184.5534 | H9: 0.39920374 | I9: =(B9/('Consumidores Inadimplentes'!B45*1000000)) -> 0.015726775
A10: 43647 | B10: 1000039 | C10: 2861497 | D10: 3.3860953e+09 | E10: =C10/B10 -> 2.8613854 | F10: =D10/B10 -> 3385.9632 | G10: =F10/E10 -> 1183.33 | H10: 0.3984345 | I10: =(B10/('Consumidores Inadimplentes'!B46*1000000)) -> 0.015757736
A11: 43678 | B11: 1001707 | C11: 2869938 | D11: 3.4865257e+09 | E11: =C11/B11 -> 2.8650474 | F11: =D11/B11 -> 3480.5844 | G11: =F11/E11 -> 1214.8436 | H11: 0.39899283 | I11: =(B11/('Consumidores Inadimplentes'!B47*1000000)) -> 0.015792835
A12: 43709 | B12: 982093 | C12: 2795401 | D12: 3.4304867e+09 | E12: =C12/B12 -> 2.846371 | F12: =D12/B12 -> 3493.0365 | G12: =F12/E12 -> 1227.1895 | H12: 0.39084856 | I12: =(B12/('Consumidores Inadimplentes'!B48*1000000)) -> 0.015537821
A13: 43739 | B13: 1005701 | C13: 2836519 | D13: 3.4641202e+09 | E13: =C13/B13 -> 2.8204397 | F13: =D13/B13 -> 3444.4832 | G13: =F13/E13 -> 1221.2575 | H13: 0.39990465 | I13: =(B13/('Consumidores Inadimplentes'!B49*1000000)) -> 0.015750647
A14: 43770 | B14: 1004795 | C14: 2815667 | D14: 3.4615312e+09 | E14: =C14/B14 -> 2.8022303 | F14: =D14/B14 -> 3445.0123 | G14: =F14/E14 -> 1229.3823 | H14: 0.39920564 | I14: =(B14/('Consumidores Inadimplentes'!B50*1000000)) -> 0.015739031
A15: 43800 | B15: 1007466 | C15: 2813683 | D15: 3.4892405e+09 | E15: =C15/B15 -> 2.7928317 | F15: =D15/B15 -> 3463.3829 | G15: =F15/E15 -> 1240.0972 | H15: 0.39992744 | I15: =(B15/('Consumidores Inadimplentes'!B51*1000000)) -> 0.015913889
... A83: 45870 | B83: 1288426 | C83: 4044795 | D83: 7047593896 | E83: =C83/B83 -> 3.1393305 | F83: =D83/B83 -> 5469.9252 | G83: =F83/E83 -> 1742.3859 | H83: 0.48692723 | I83: =(B83/('Consumidores Inadimplentes'!B119*1000000)) -> 0.016340455
A84: 45901 | B84: 1293318 | C84: 4060067 | D84: 7108947796 | E84: =IFERROR(C84/B84,"") -> 3.1392643 | F84: =IFERROR(D84/B84,"") -> 5496.6743 | G84: =IFERROR(F84/E84,"") -> 1750.9435 | H84: 0.48844598 | I84: =(B84/('Consumidores Inadimplentes'!B120*1000000)) -> 0.01633659
A85: 45931 | B85: 1304572 | C85: 4135113 | D85: 7269002910 | E85: =IFERROR(C85/B85,"") -> 3.1697085 | F85: =IFERROR(D85/B85,"") -> 5571.9446 | G85: =IFERROR(F85/E85,"") -> 1757.8729 | H85: 0.4923636 | I85: =(B85/('Consumidores Inadimplentes'!B121*1000000)) -> 0.016218651
A86: 45962 | B86: 1296189 | C86: 4078283 | D86: 7061617785 | E86: =IFERROR(C86/B86,"") -> 3.1463645 | F86: =IFERROR(D86/B86,"") -> 5447.9847 | G86: =IFERROR(F86/E86,"") -> 1731.5174 | H86: 0.48886947 | I86: =(B86/('Consumidores Inadimplentes'!B122*1000000)) -> 0.016079781
A87: 45992 | B87: 1320494 | C87: 4149259 | D87: 7016338757 | E87: =IFERROR(C87/B87,"") -> 3.1422021 | F87: =IFERROR(D87/B87,"") -> 5313.4196 | G87: =IFERROR(F87/E87,"") -> 1690.986 | H87: 0.49770013 | I87: =(B87/('Consumidores Inadimplentes'!B123*1000000)) -> 0.016252631
A88: 46023 | B88: 1328688 | C88: 4183402 | D88: 7061716348 | E88: =IFERROR(C88/B88,"") -> 3.1485209 | F88: =IFERROR(D88/B88,"") -> 5314.804 | G88: =IFERROR(F88/E88,"") -> 1688.032 | H88: 0.50045047 | I88: =(B88/('Consumidores Inadimplentes'!B124*1000000)) -> 0.01633914
A89: 46054 | B89: 1340164 | C89: 4255233 | D89: 7245442433 | E89: =IFERROR(C89/B89,"") -> 3.1751584 | F89: =IFERROR(D89/B89,"") -> 5406.3849 | G89: =IFERROR(F89/E89,"") -> 1702.7134 | H89: 0.50443206 | I89: =(B89/('Consumidores Inadimplentes'!B125*1000000)) -> 0.016397071
A90: 46082 | B90: 1364696 | C90: 4389449 | D90: 7543984628 | E90: =IFERROR(C90/B90,"") -> 3.2164299 | F90: =IFERROR(D90/B90,"") -> 5527.9598 | G90: =IFERROR(F90/E90,"") -> 1718.6632 | H90: 0.51331899 | I90: =(B90/('Consumidores Inadimplentes'!B126*1000000)) -> 0.016475371
A91: 46113 | B91: 1380622 | C91: 4490141 | D91: 7769366439 | E91: =IFERROR(C91/B91,"") -> 3.2522595 | F91: =IFERROR(D91/B91,"") -> 5627.4393 | G91: =IFERROR(F91/E91,"") -> 1730.3168 | H91: 0.51895884 | I91: =(B91/('Consumidores Inadimplentes'!B127*1000000)) -> 0.016556366
A92: 46143 | B92: 1379226 | C92: 4477740 | D92: 7813116553 | E92: =IFERROR(C92/B92,"") -> 3.24656 | F92: =IFERROR(D92/B92,"") -> 5664.8559 | G92: =IFERROR(F92/E92,"") -> 1744.8795 | H92: 0.51808415 | I92: =(B92/('Consumidores Inadimplentes'!B128*1000000)) -> 0.016517114
A93: 46174 | B93: 1382192 | C93: 4483219 | D93: 7857520900 | E93: =IFERROR(C93/B93,"") -> 3.2435573 | F93: =IFERROR(D93/B93,"") -> 5684.8259 | G93: =IFERROR(F93/E93,"") -> 1752.6516 | H93: 0.51884766 | I93: =(B93/('Consumidores Inadimplentes'!B129*1000000)) -> 0.01650623
A94: 46204 | B94: 1387182 | C94: 4542069 | D94: 8014564792 | E94: =IFERROR(C94/B94,"") -> 3.2743137 | F94: =IFERROR(D94/B94,"") -> 5777.5871 | G94: =IFERROR(F94/E94,"") -> 1764.5185 | H94: 0.5203692 | I94: =(B94/('Consumidores Inadimplentes'!B130*1000000)) -> 0.016527467
A95: 46235
A96: 46266
A97: 46296
A98: 46327
A99: 46357

Sheet RO
A2: Indicador Serasa Experian de Inadimplência do Consumidor - Rondônia
A3: Mês | B3: Consumidores Inadimplentes | C3: Dívidas Negativadas | D3: Dívidas Negativadas (R$) | E3: Dívida Média (por CPF) | F3: Dívida Média (R$) | G3: Ticket Médio (R$) | H3: % da População Adulta | I3: % da População Inadimplente
A4: 43466 | B4: 554649 | C4: 2750782 | D4: 1.9212872e+09 | E4: =C4/B4 -> 4.9595005 | F4: =D4/B4 -> 3463.9695 | G4: =F4/E4 -> 698.45128 | H4: 0.45778508 | I4: =(B4/('Consumidores Inadimplentes'!B40*1000000)) -> 0.0089205727
A5: 43497 | B5: 542567 | C5: 2708777 | D5: 1.9097304e+09 | E5: =C5/B5 -> 4.9925207 | F5: =D5/B5 -> 3519.8057 | G5: =F5/E5 -> 705.01574 | H5: 0.44729125 | I5: =(B5/('Consumidores Inadimplentes'!B41*1000000)) -> 0.0087267439
A6: 43525 | B6: 540700 | C6: 2710337 | D6: 1.9537063e+09 | E6: =C6/B6 -> 5.0126447 | F6: =D6/B6 -> 3613.2908 | G6: =F6/E6 -> 720.83521 | H6: 0.44522852 | I6: =(B6/('Consumidores Inadimplentes'!B42*1000000)) -> 0.0085879813
A7: 43556 | B7: 526087 | C7: 2649628 | D7: 1.9847445e+09 | E7: =C7/B7 -> 5.0364826 | F7: =D7/B7 -> 3772.6545 | G7: =F7/E7 -> 749.06534 | H7: 0.43216173 | I7: =(B7/('Consumidores Inadimplentes'!B43*1000000)) -> 0.0083234497
A8: 43586 | B8: 538772 | C8: 2735509 | D8: 2.0456649e+09 | E8: =C8/B8 -> 5.0773036 | F8: =D8/B8 -> 3796.9028 | G8: =F8/E8 -> 747.81875 | H8: 0.43965216 | I8: =(B8/('Consumidores Inadimplentes'!B44*1000000)) -> 0.0085013844
A9: 43617 | B9: 551959 | C9: 2805548 | D9: 2.0771476e+09 | E9: =C9/B9 -> 5.082892 | F9: =D9/B9 -> 3763.2281 | G9: =F9/E9 -> 740.37144 | H9: 0.45448058 | I9: =(B9/('Consumidores Inadimplentes'!B45*1000000)) -> 0.0086990378
A10: 43647 | B10: 545359 | C10: 2780549 | D10: 2.0706867e+09 | E10: =C10/B10 -> 5.0985663 | F10: =D10/B10 -> 3796.924 | G10: =F10/E10 -> 744.70427 | H10: 0.44833332 | I10: =(B10/('Consumidores Inadimplentes'!B46*1000000)) -> 0.008593288
A11: 43678 | B11: 572150 | C11: 2885476 | D11: 2.1162099e+09 | E11: =C11/B11 -> 5.0432159 | F11: =D11/B11 -> 3698.6977 | G11: =F11/E11 -> 733.40061 | H11: 0.46940557 | I11: =(B11/('Consumidores Inadimplentes'!B47*1000000)) -> 0.0090204728
A12: 43709 | B12: 560599 | C12: 2837407 | D12: 2.0857329e+09 | E12: =C12/B12 -> 5.0613843 | F12: =D12/B12 -> 3720.5435 | G12: =F12/E12 -> 735.08416 | H12: 0.45944637 | I12: =(B12/('Consumidores Inadimplentes'!B48*1000000)) -> 0.0088693099
A13: 43739 | B13: 568749 | C13: 2885065 | D13: 2.0980825e+09 | E13: =C13/B13 -> 5.0726507 | F13: =D13/B13 -> 3688.9428 | G13: =F13/E13 -> 727.22192 | H13: 0.46563696 | I13: =(B13/('Consumidores Inadimplentes'!B49*1000000)) -> 0.0089073836
A14: 43770 | B14: 578999 | C14: 2909947 | D14: 2.1522828e+09 | E14: =C14/B14 -> 5.0258239 | F14: =D14/B14 -> 3717.2479 | G14: =F14/E14 -> 739.62956 | H14: 0.47353127 | I14: =(B14/('Consumidores Inadimplentes'!B50*1000000)) -> 0.0090693957
A15: 43800 | B15: 570242 | C15: 2870540 | D15: 2.1612542e+09 | E15: =C15/B15 -> 5.0338979 | F15: =D15/B15 -> 3790.065 | G15: =F15/E15 -> 752.9086 | H15: 0.46588018 | I15: =(B15/('Consumidores Inadimplentes'!B51*1000000)) -> 0.0090075175
... A83: 45870 | B83: 642787 | C83: 3070031 | D83: 4196887531 | E83: =C83/B83 -> 4.7761249 | F83: =D83/B83 -> 6529.2041 | G83: =F83/E83 -> 1367.0505 | H83: 0.49751431 | I83: =(B83/('Consumidores Inadimplentes'!B119*1000000)) -> 0.0081521424
A84: 45901 | B84: 644718 | C84: 3061770 | D84: 4244981754 | E84: =IFERROR(C84/B84,"") -> 4.7490065 | F84: =IFERROR(D84/B84,"") -> 6584.2458 | G84: =IFERROR(F84/E84,"") -> 1386.447 | H84: 0.49867465 | I84: =(B84/('Consumidores Inadimplentes'!B120*1000000)) -> 0.008143777
A85: 45931 | B85: 661378 | C85: 3144636 | D85: 4339587589 | E85: =IFERROR(C85/B85,"") -> 4.7546728 | F85: =IFERROR(D85/B85,"") -> 6561.4332 | G85: =IFERROR(F85/E85,"") -> 1379.9968 | H85: 0.51121835 | I85: =(B85/('Consumidores Inadimplentes'!B121*1000000)) -> 0.0082223585
A86: 45962 | B86: 664423 | C86: 3140952 | D86: 4391415747 | E86: =IFERROR(C86/B86,"") -> 4.7273379 | F86: =IFERROR(D86/B86,"") -> 6609.3674 | G86: =IFERROR(F86/E86,"") -> 1398.1162 | H86: 0.51322806 | I86: =(B86/('Consumidores Inadimplentes'!B122*1000000)) -> 0.0082424526
A87: 45992 | B87: 659189 | C87: 3139319 | D87: 4436626840 | E87: =IFERROR(C87/B87,"") -> 4.7623959 | F87: =IFERROR(D87/B87,"") -> 6730.4322 | G87: =IFERROR(F87/E87,"") -> 1413.245 | H87: 0.50884433 | I87: =(B87/('Consumidores Inadimplentes'!B123*1000000)) -> 0.0081132935
A88: 46023 | B88: 675427 | C88: 3257001 | D88: 4668555333 | E88: =IFERROR(C88/B88,"") -> 4.8221362 | F88: =IFERROR(D88/B88,"") -> 6912.0058 | G88: =IFERROR(F88/E88,"") -> 1433.3908 | H88: 0.52102974 | I88: =(B88/('Consumidores Inadimplentes'!B124*1000000)) -> 0.0083058601
A89: 46054 | B89: 675960 | C89: 3259413 | D89: 4774672218 | E89: =IFERROR(C89/B89,"") -> 4.8219022 | F89: =IFERROR(D89/B89,"") -> 7063.5425 | G89: =IFERROR(F89/E89,"") -> 1464.8871 | H89: 0.52109198 | I89: =(B89/('Consumidores Inadimplentes'!B125*1000000)) -> 0.0082704534
A90: 46082 | B90: 693019 | C90: 3339912 | D90: 4983993613 | E90: =IFERROR(C90/B90,"") -> 4.8193657 | F90: =IFERROR(D90/B90,"") -> 7191.7128 | G90: =IFERROR(F90/E90,"") -> 1492.253 | H90: 0.53388497 | I90: =(B90/('Consumidores Inadimplentes'!B126*1000000)) -> 0.0083665116
A91: 46113 | B91: 693921 | C91: 3361071 | D91: 5079072645 | E91: =IFERROR(C91/B91,"") -> 4.8435931 | F91: =IFERROR(D91/B91,"") -> 7319.3817 | G91: =IFERROR(F91/E91,"") -> 1511.1471 | H91: 0.5342218 | I91: =(B91/('Consumidores Inadimplentes'!B127*1000000)) -> 0.0083214741
A92: 46143 | B92: 699820 | C92: 3395771 | D92: 5157206485 | E92: =IFERROR(C92/B92,"") -> 4.8523492 | F92: =IFERROR(D92/B92,"") -> 7369.3328 | G92: =IFERROR(F92/E92,"") -> 1518.7144 | H92: 0.53840259 | I92: =(B92/('Consumidores Inadimplentes'!B128*1000000)) -> 0.0083807922
A93: 46174 | B93: 700750 | C93: 3398512 | D93: 5218193682 | E93: =IFERROR(C93/B93,"") -> 4.8498209 | F93: =IFERROR(D93/B93,"") -> 7446.5839 | G93: =IFERROR(F93/E93,"") -> 1535.4348 | H93: 0.53875706 | I93: =(B93/('Consumidores Inadimplentes'!B129*1000000)) -> 0.0083684039
A94: 46204 | B94: 699886 | C94: 3403496 | D94: 5242561331 | E94: =IFERROR(C94/B94,"") -> 4.8629291 | F94: =IFERROR(D94/B94,"") -> 7490.5932 | G94: =IFERROR(F94/E94,"") -> 1540.346 | H94: 0.5377327 | I94: =(B94/('Consumidores Inadimplentes'!B130*1000000)) -> 0.0083387347
A95: 46235
A96: 46266
A97: 46296
A98: 46327
A99: 46357

Sheet RR
A2: Indicador Serasa Experian de Inadimplência do Consumidor - Roraima
A3: Mês | B3: Consumidores Inadimplentes | C3: Dívidas Negativadas | D3: Dívidas Negativadas (R$) | E3: Dívida Média (por CPF) | F3: Dívida Média (R$) | G3: Ticket Médio (R$) | H3: % da População Adulta | I3: % da População Inadimplente
A4: 43466 | B4: 191893 | C4: 944244 | D4: 7.4324887e+08 | E4: =C4/B4 -> 4.9206798 | F4: =D4/B4 -> 3873.2464 | G4: =F4/E4 -> 787.13645 | H4: 0.49917844 | I4: =(B4/('Consumidores Inadimplentes'!B40*1000000)) -> 0.003086268
A5: 43497 | B5: 203211 | C5: 1023880 | D5: 7.5272525e+08 | E5: =C5/B5 -> 5.0385068 | F5: =D5/B5 -> 3704.156 | G5: =F5/E5 -> 735.1694 | H5: 0.52613568 | I5: =(B5/('Consumidores Inadimplentes'!B41*1000000)) -> 0.0032684818
A6: 43525 | B6: 205871 | C6: 1106349 | D6: 7.9156324e+08 | E6: =C6/B6 -> 5.3739915 | F6: =D6/B6 -> 3844.9478 | G6: =F6/E6 -> 715.47337 | H6: 0.53040085 | I6: =(B6/('Consumidores Inadimplentes'!B42*1000000)) -> 0.0032698656
A7: 43556 | B7: 202056 | C7: 1073705 | D7: 7.9109063e+08 | E7: =C7/B7 -> 5.3138981 | F7: =D7/B7 -> 3915.2048 | G7: =F7/E7 -> 736.78583 | H7: 0.51752081 | I7: =(B7/('Consumidores Inadimplentes'!B43*1000000)) -> 0.0031968153
A8: 43586 | B8: 199614 | C8: 1024542 | D8: 7.9869387e+08 | E8: =C8/B8 -> 5.1326159 | F8: =D8/B8 -> 4001.1917 | G8: =F8/E8 -> 779.56186 | H8: 0.50700644 | I8: =(B8/('Consumidores Inadimplentes'!B44*1000000)) -> 0.0031497467
A9: 43617 | B9: 198464 | C9: 1003594 | D9: 7.9481457e+08 | E9: =C9/B9 -> 5.0568063 | F9: =D9/B9 -> 4004.8299 | G9: =F9/E9 -> 791.96823 | H9: 0.50286015 | I9: =(B9/('Consumidores Inadimplentes'!B45*1000000)) -> 0.0031278516
A10: 43647 | B10: 191911 | C10: 772843 | D10: 7.4696397e+08 | E10: =C10/B10 -> 4.0270907 | F10: =D10/B10 -> 3892.2415 | G10: =F10/E10 -> 966.5145 | H10: 0.48350684 | I10: =(B10/('Consumidores Inadimplentes'!B46*1000000)) -> 0.0030239649
A11: 43678 | B11: 196653 | C11: 890325 | D11: 7.852997e+08 | E11: =C11/B11 -> 4.5273909 | F11: =D11/B11 -> 3993.3268 | G11: =F11/E11 -> 882.03712 | H11: 0.4928486 | I11: =(B11/('Consumidores Inadimplentes'!B47*1000000)) -> 0.003100416
A12: 43709 | B12: 202272 | C12: 1016670 | D12: 8.0667872e+08 | E12: =C12/B12 -> 5.0262518 | F12: =D12/B12 -> 3988.0889 | G12: =F12/E12 -> 793.45188 | H12: 0.50512184 | I12: =(B12/('Consumidores Inadimplentes'!B48*1000000)) -> 0.0032001717
A13: 43739 | B13: 202068 | C13: 1011688 | D13: 8.0636285e+08 | E13: =C13/B13 -> 5.006671 | F13: =D13/B13 -> 3990.5519 | G13: =F13/E13 -> 797.04696 | H13: 0.50281181 | I13: =(B13/('Consumidores Inadimplentes'!B49*1000000)) -> 0.00316466
A14: 43770 | B14: 204130 | C14: 1033073 | D14: 8.2225687e+08 | E14: =C14/B14 -> 5.0608583 | F14: =D14/B14 -> 4028.104 | G14: =F14/E14 -> 795.93298 | H14: 0.50613044 | I14: =(B14/('Consumidores Inadimplentes'!B50*1000000)) -> 0.0031974766
A15: 43800 | B15: 200532 | C15: 855236 | D15: 7.9806972e+08 | E15: =C15/B15 -> 4.2648355 | F15: =D15/B15 -> 3979.7624 | G15: =F15/E15 -> 933.15731 | H15: 0.49543556 | I15: =(B15/('Consumidores Inadimplentes'!B51*1000000)) -> 0.0031675946
... A83: 45870 | B83: 256073 | C83: 903494 | D83: 1310966302 | E83: =C83/B83 -> 3.5282673 | F83: =D83/B83 -> 5119.5023 | G83: =F83/E83 -> 1450.9961 | H83: 0.51744359 | I83: =(B83/('Consumidores Inadimplentes'!B119*1000000)) -> 0.0032476444
A84: 45901 | B84: 256571 | C84: 899296 | D84: 1332317106 | E84: =IFERROR(C84/B84,"") -> 3.5050571 | F84: =IFERROR(D84/B84,"") -> 5192.7814 | G84: =IFERROR(F84/E84,"") -> 1481.5112 | H84: 0.51688008 | I84: =(B84/('Consumidores Inadimplentes'!B120*1000000)) -> 0.0032408852
A85: 45931 | B85: 259352 | C85: 913095 | D85: 1354475388 | E85: =IFERROR(C85/B85,"") -> 3.5206785 | F85: =IFERROR(D85/B85,"") -> 5222.5369 | G85: =IFERROR(F85/E85,"") -> 1483.3893 | H85: 0.52090116 | I85: =(B85/('Consumidores Inadimplentes'!B121*1000000)) -> 0.0032243061
A86: 45962 | B86: 258492 | C86: 900085 | D86: 1380178837 | E86: =IFERROR(C86/B86,"") -> 3.4820613 | F86: =IFERROR(D86/B86,"") -> 5339.3484 | G86: =IFERROR(F86/E86,"") -> 1533.3872 | H86: 0.51760202 | I86: =(B86/('Consumidores Inadimplentes'!B122*1000000)) -> 0.0032067043
A87: 45992 | B87: 258613 | C87: 900300 | D87: 1393207763 | E87: =IFERROR(C87/B87,"") -> 3.4812635 | F87: =IFERROR(D87/B87,"") -> 5387.2302 | G87: =IFERROR(F87/E87,"") -> 1547.4928 | H87: 0.51627605 | I87: =(B87/('Consumidores Inadimplentes'!B123*1000000)) -> 0.003183007
A88: 46023 | B88: 255000 | C88: 826078 | D88: 1290540517 | E88: =IFERROR(C88/B88,"") -> 3.2395216 | F88: =IFERROR(D88/B88,"") -> 5060.9432 | G88: =IFERROR(F88/E88,"") -> 1562.2502 | H88: 0.50752228 | I88: =(B88/('Consumidores Inadimplentes'!B124*1000000)) -> 0.0031357857
A89: 46054 | B89: 256601 | C89: 836283 | D89: 1340851227 | E89: =IFERROR(C89/B89,"") -> 3.2590793 | F89: =IFERROR(D89/B89,"") -> 5225.4326 | G89: =IFERROR(F89/E89,"") -> 1603.3463 | H89: 0.50916231 | I89: =(B89/('Consumidores Inadimplentes'!B125*1000000)) -> 0.0031395447
A90: 46082 | B90: 259959 | C90: 851069 | D90: 1405799903 | E90: =IFERROR(C90/B90,"") -> 3.2738586 | F90: =IFERROR(D90/B90,"") -> 5407.7755 | G90: =IFERROR(F90/E90,"") -> 1651.8049 | H90: 0.51426316 | I90: =(B90/('Consumidores Inadimplentes'!B126*1000000)) -> 0.0031383699
A91: 46113 | B91: 261224 | C91: 854556 | D91: 1430608494 | E91: =IFERROR(C91/B91,"") -> 3.2713533 | F91: =IFERROR(D91/B91,"") -> 5476.5584 | G91: =IFERROR(F91/E91,"") -> 1674.0957 | H91: 0.51520118 | I91: =(B91/('Consumidores Inadimplentes'!B127*1000000)) -> 0.0031325882
A92: 46143 | B92: 260311 | C92: 845905 | D92: 1424385630 | E92: =IFERROR(C92/B92,"") -> 3.2495938 | F92: =IFERROR(D92/B92,"") -> 5471.8611 | G92: =IFERROR(F92/E92,"") -> 1683.86 | H92: 0.51184589 | I92: =(B92/('Consumidores Inadimplentes'!B128*1000000)) -> 0.0031173908
A93: 46174 | B93: 261108 | C93: 841636 | D93: 1441094654 | E93: =IFERROR(C93/B93,"") -> 3.2233252 | F93: =IFERROR(D93/B93,"") -> 5519.1517 | G93: =IFERROR(F93/E93,"") -> 1712.2541 | H93: 0.51185804 | I93: =(B93/('Consumidores Inadimplentes'!B129*1000000)) -> 0.0031181694
A94: 46204 | B94: 263030 | C94: 845398 | D94: 1458223038 | E94: =IFERROR(C94/B94,"") -> 3.2140744 | F94: =IFERROR(D94/B94,"") -> 5543.9419 | G94: =IFERROR(F94/E94,"") -> 1724.8953 | H94: 0.51406481 | I94: =(B94/('Consumidores Inadimplentes'!B130*1000000)) -> 0.0031338495
A95: 46235
A96: 46266
A97: 46296
A98: 46327
A99: 46357

Sheet RS
A2: Indicador Serasa Experian de Inadimplência do Consumidor - Rio Grande do Sul
A3: Mês | B3: Consumidores Inadimplentes | C3: Dívidas Negativadas | D3: Dívidas Negativadas (R$) | E3: Dívida Média (por CPF) | F3: Dívida Média (R$) | G3: Ticket Médio (R$) | H3: % da População Adulta | I3: % da População Inadimplente
A4: 43466 | B4: 2999975 | C4: 10750593 | D4: 1.3713562e+10 | E4: =C4/B4 -> 3.5835609 | F4: =D4/B4 -> 4571.2253 | G4: =F4/E4 -> 1275.6098 | H4: 0.35052398 | I4: =(B4/('Consumidores Inadimplentes'!B40*1000000)) -> 0.048249425
A5: 43497 | B5: 2995883 | C5: 10730294 | D5: 1.373269e+10 | E5: =C5/B5 -> 3.5816799 | F5: =D5/B5 -> 4583.8537 | G5: =F5/E5 -> 1279.8055 | H5: 0.34977579 | I5: =(B5/('Consumidores Inadimplentes'!B41*1000000)) -> 0.048186314
A6: 43525 | B6: 3037580 | C6: 10823296 | D6: 1.3988356e+10 | E6: =C6/B6 -> 3.5631312 | F6: =D6/B6 -> 4605.0989 | G6: =F6/E6 -> 1292.4304 | H6: 0.35425227 | I6: =(B6/('Consumidores Inadimplentes'!B42*1000000)) -> 0.048246126
A7: 43556 | B7: 3099923 | C7: 10900238 | D7: 1.3958669e+10 | E7: =C7/B7 -> 3.5162931 | F7: =D7/B7 -> 4502.9083 | G7: =F7/E7 -> 1280.5839 | H7: 0.36107229 | I7: =(B7/('Consumidores Inadimplentes'!B43*1000000)) -> 0.049045221
A8: 43586 | B8: 3114335 | C8: 10988588 | D8: 1.4051818e+10 | E8: =C8/B8 -> 3.5283898 | F8: =D8/B8 -> 4511.9802 | G8: =F8/E8 -> 1278.7647 | H8: 0.35984187 | I8: =(B8/('Consumidores Inadimplentes'!B44*1000000)) -> 0.049141676
A9: 43617 | B9: 3114947 | C9: 11040913 | D9: 1.415287e+10 | E9: =C9/B9 -> 3.5444947 | F9: =D9/B9 -> 4543.5346 | G9: =F9/E9 -> 1281.8568 | H9: 0.36152492 | I9: =(B9/('Consumidores Inadimplentes'!B45*1000000)) -> 0.04909249
A10: 43647 | B10: 3104686 | C10: 10984114 | D10: 1.4203042e+10 | E10: =C10/B10 -> 3.5379146 | F10: =D10/B10 -> 4574.7113 | G10: =F10/E10 -> 1293.053 | H10: 0.35949681 | I10: =(B10/('Consumidores Inadimplentes'!B46*1000000)) -> 0.048920915
A11: 43678 | B11: 3101923 | C11: 10986433 | D11: 1.4455081e+10 | E11: =C11/B11 -> 3.5418136 | F11: =D11/B11 -> 4660.0386 | G11: =F11/E11 -> 1315.721 | H11: 0.35835425 | I11: =(B11/('Consumidores Inadimplentes'!B47*1000000)) -> 0.048904679
A12: 43709 | B12: 3101921 | C12: 10915535 | D12: 1.4336849e+10 | E12: =C12/B12 -> 3.5189597 | F12: =D12/B12 -> 4621.9259 | G12: =F12/E12 -> 1313.4353 | H12: 0.35816207 | I12: =(B12/('Consumidores Inadimplentes'!B48*1000000)) -> 0.049075896
A13: 43739 | B13: 3118393 | C13: 10949210 | D13: 1.4351768e+10 | E13: =C13/B13 -> 3.5111707 | F13: =D13/B13 -> 4602.2961 | G13: =F13/E13 -> 1310.7583 | H13: 0.35987112 | I13: =(B13/('Consumidores Inadimplentes'!B49*1000000)) -> 0.048838279
A14: 43770 | B14: 3062352 | C14: 10734981 | D14: 1.435658e+10 | E14: =C14/B14 -> 3.5054693 | F14: =D14/B14 -> 4688.0896 | G14: =F14/E14 -> 1337.3643 | H14: 0.35321453 | I14: =(B14/('Consumidores Inadimplentes'!B50*1000000)) -> 0.047968446
A15: 43800 | B15: 3080437 | C15: 10770128 | D15: 1.4422508e+10 | E15: =C15/B15 -> 3.4962987 | F15: =D15/B15 -> 4681.9682 | G15: =F15/E15 -> 1339.1213 | H15: 0.35511014 | I15: =(B15/('Consumidores Inadimplentes'!B51*1000000)) -> 0.048658447
... A83: 45870 | B83: 3681084 | C83: 14601415 | D83: 26383699903 | E83: =C83/B83 -> 3.9666074 | F83: =D83/B83 -> 7167.3724 | G83: =F83/E83 -> 1806.9276 | H83: 0.41491224 | I83: =(B83/('Consumidores Inadimplentes'!B119*1000000)) -> 0.046685327
A84: 45901 | B84: 3895060 | C84: 15857466 | D84: 27174667460 | E84: =IFERROR(C84/B84,"") -> 4.0711737 | F84: =IFERROR(D84/B84,"") -> 6976.7006 | G84: =IFERROR(F84/E84,"") -> 1713.6828 | H84: 0.43893327 | I84: =(B84/('Consumidores Inadimplentes'!B120*1000000)) -> 0.049200581
A85: 45931 | B85: 4039271 | C85: 16546945 | D85: 28301539213 | E85: =IFERROR(C85/B85,"") -> 4.0965177 | F85: =IFERROR(D85/B85,"") -> 7006.5958 | G85: =IFERROR(F85/E85,"") -> 1710.3785 | H85: 0.45508354 | I85: =(B85/('Consumidores Inadimplentes'!B121*1000000)) -> 0.050216872
A86: 45962 | B86: 4008392 | C86: 16475333 | D86: 28513329495 | E86: =IFERROR(C86/B86,"") -> 4.11021 | F86: =IFERROR(D86/B86,"") -> 7113.4084 | G86: =IFERROR(F86/E86,"") -> 1730.6679 | H86: 0.45150456 | I86: =(B86/('Consumidores Inadimplentes'!B122*1000000)) -> 0.049725824
A87: 45992 | B87: 4027712 | C87: 16778311 | D87: 29040851020 | E87: =IFERROR(C87/B87,"") -> 4.1657177 | F87: =IFERROR(D87/B87,"") -> 7210.2601 | G87: =IFERROR(F87/E87,"") -> 1730.8566 | H87: 0.45358026 | I87: =(B87/('Consumidores Inadimplentes'!B123*1000000)) -> 0.04957305
A88: 46023 | B88: 4033282 | C88: 16940098 | D88: 29864134025 | E88: =IFERROR(C88/B88,"") -> 4.2000778 | F88: =IFERROR(D88/B88,"") -> 7404.425 | G88: =IFERROR(F88/E88,"") -> 1762.9257 | H88: 0.45410694 | I88: =(B88/('Consumidores Inadimplentes'!B124*1000000)) -> 0.04959807
A89: 46054 | B89: 4031949 | C89: 17216411 | D89: 30847403723 | E89: =IFERROR(C89/B89,"") -> 4.2699972 | F89: =IFERROR(D89/B89,"") -> 7650.7425 | G89: =IFERROR(F89/E89,"") -> 1791.7442 | H89: 0.45385629 | I89: =(B89/('Consumidores Inadimplentes'!B125*1000000)) -> 0.04933139
A90: 46082 | B90: 4128929 | C90: 17620935 | D90: 31961590060 | E90: =IFERROR(C90/B90,"") -> 4.2676769 | F90: =IFERROR(D90/B90,"") -> 7740.8912 | G90: =IFERROR(F90/E90,"") -> 1813.8419 | H90: 0.46466991 | I90: =(B90/('Consumidores Inadimplentes'!B126*1000000)) -> 0.049846732
A91: 46113 | B91: 4168416 | C91: 17894555 | D91: 32678779709 | E91: =IFERROR(C91/B91,"") -> 4.2928909 | F91: =IFERROR(D91/B91,"") -> 7839.6157 | G91: =IFERROR(F91/E91,"") -> 1826.1857 | H91: 0.46900985 | I91: =(B91/('Consumidores Inadimplentes'!B127*1000000)) -> 0.049987485
A92: 46143 | B92: 4140567 | C92: 17838575 | D92: 33147080254 | E92: =IFERROR(C92/B92,"") -> 4.3082445 | F92: =IFERROR(D92/B92,"") -> 8005.4447 | G92: =IFERROR(F92/E92,"") -> 1858.1686 | H92: 0.46577322 | I92: =(B92/('Consumidores Inadimplentes'!B128*1000000)) -> 0.049585939
A93: 46174 | B93: 4136059 | C93: 17876190 | D93: 33599318283 | E93: =IFERROR(C93/B93,"") -> 4.3220346 | F93: =IFERROR(D93/B93,"") -> 8123.5104 | G93: =IFERROR(F93/E93,"") -> 1879.557 | H93: 0.46516309 | I93: =(B93/('Consumidores Inadimplentes'!B129*1000000)) -> 0.049393096
A94: 46204 | B94: 4158276 | C94: 18060766 | D94: 34136929453 | E94: =IFERROR(C94/B94,"") -> 4.3433303 | F94: =IFERROR(D94/B94,"") -> 8209.3948 | G94: =IFERROR(F94/E94,"") -> 1890.1153 | H94: 0.46755814 | I94: =(B94/('Consumidores Inadimplentes'!B130*1000000)) -> 0.049543441
A95: 46235
A96: 46266
A97: 46296
A98: 46327
A99: 46357

Sheet SC
A2: Indicador Serasa Experian de Inadimplência do Consumidor - Santa Catarina
A3: Mês | B3: Consumidores Inadimplentes | C3: Dívidas Negativadas | D3: Dívidas Negativadas (R$) | E3: Dívida Média (por CPF) | F3: Dívida Média (R$) | G3: Ticket Médio (R$) | H3: % da População Adulta | I3: % da População Inadimplente
A4: 43466 | B4: 1804618 | C4: 7631774 | D4: 9.1940924e+09 | E4: =C4/B4 -> 4.2290246 | F4: =D4/B4 -> 5094.7582 | G4: =F4/E4 -> 1204.7123 | H4: 0.32649818 | I4: =(B4/('Consumidores Inadimplentes'!B40*1000000)) -> 0.029024169
A5: 43497 | B5: 1803657 | C5: 7604082 | D5: 9.1685831e+09 | E5: =C5/B5 -> 4.2159246 | F5: =D5/B5 -> 5083.3296 | G5: =F5/E5 -> 1205.7449 | H5: 0.32600132 | I5: =(B5/('Consumidores Inadimplentes'!B41*1000000)) -> 0.029010339
A6: 43525 | B6: 1820365 | C6: 7608521 | D6: 9.3269128e+09 | E6: =C6/B6 -> 4.1796678 | F6: =D6/B6 -> 5123.6498 | G6: =F6/E6 -> 1225.851 | H6: 0.32878454 | I6: =(B6/('Consumidores Inadimplentes'!B42*1000000)) -> 0.028913003
A7: 43556 | B7: 1805698 | C7: 7473748 | D7: 9.3147808e+09 | E7: =C7/B7 -> 4.1389801 | F7: =D7/B7 -> 5158.5485 | G7: =F7/E7 -> 1246.3333 | H7: 0.32567938 | I7: =(B7/('Consumidores Inadimplentes'!B43*1000000)) -> 0.028568728
A8: 43586 | B8: 1818964 | C8: 7474417 | D8: 9.3794546e+09 | E8: =C8/B8 -> 4.1091616 | F8: =D8/B8 -> 5156.4817 | G8: =F8/E8 -> 1254.8744 | H8: 0.32523381 | I8: =(B8/('Consumidores Inadimplentes'!B44*1000000)) -> 0.028701774
A9: 43617 | B9: 1818143 | C9: 7439892 | D9: 9.4215984e+09 | E9: =C9/B9 -> 4.092028 | F9: =D9/B9 -> 5181.9898 | G9: =F9/E9 -> 1266.3623 | H9: 0.32103462 | I9: =(B9/('Consumidores Inadimplentes'!B45*1000000)) -> 0.028654474
A10: 43647 | B10: 1822767 | C10: 7372772 | D10: 9.4062853e+09 | E10: =C10/B10 -> 4.0448242 | F10: =D10/B10 -> 5160.4431 | G10: =F10/E10 -> 1275.8139 | H10: 0.32080293 | I10: =(B10/('Consumidores Inadimplentes'!B46*1000000)) -> 0.028721561
A11: 43678 | B11: 1878201 | C11: 7701389 | D11: 1.0073165e+10 | E11: =C11/B11 -> 4.1004073 | F11: =D11/B11 -> 5363.1987 | G11: =F11/E11 -> 1307.9673 | H11: 0.33088969 | I11: =(B11/('Consumidores Inadimplentes'!B47*1000000)) -> 0.029611572
A12: 43709 | B12: 1871407 | C12: 7555207 | D12: 9.953487e+09 | E12: =C12/B12 -> 4.03718 | F12: =D12/B12 -> 5318.7185 | G12: =F12/E12 -> 1317.434 | H12: 0.3291276 | I12: =(B12/('Consumidores Inadimplentes'!B48*1000000)) -> 0.029607774
A13: 43739 | B13: 1882665 | C13: 7538869 | D13: 1.0044868e+10 | E13: =C13/B13 -> 4.0043603 | F13: =D13/B13 -> 5335.4515 | G13: =F13/E13 -> 1332.4104 | H13: 0.33053995 | I13: =(B13/('Consumidores Inadimplentes'!B49*1000000)) -> 0.029485097
A14: 43770 | B14: 1912350 | C14: 7628194 | D14: 1.0379734e+10 | E14: =C14/B14 -> 3.988911 | F14: =D14/B14 -> 5427.7378 | G14: =F14/E14 -> 1360.7067 | H14: 0.33517617 | I14: =(B14/('Consumidores Inadimplentes'!B50*1000000)) -> 0.029954903
A15: 43800 | B15: 1889930 | C15: 7535654 | D15: 1.0410507e+10 | E15: =C15/B15 -> 3.9872662 | F15: =D15/B15 -> 5508.409 | G15: =F15/E15 -> 1381.5002 | H15: 0.33067882 | I15: =(B15/('Consumidores Inadimplentes'!B51*1000000)) -> 0.029853251
... A83: 45870 | B83: 2414412 | C83: 10121225 | D83: 21142068399 | E83: =C83/B83 -> 4.1920041 | F83: =D83/B83 -> 8756.6117 | G83: =F83/E83 -> 2088.8843 | H83: 0.3810776 | I83: =(B83/('Consumidores Inadimplentes'!B119*1000000)) -> 0.030620766
A84: 45901 | B84: 2421748 | C84: 10100543 | D84: 21308120661 | E84: =IFERROR(C84/B84,"") -> 4.1707655 | F84: =IFERROR(D84/B84,"") -> 8798.6531 | G84: =IFERROR(F84/E84,"") -> 2109.6015 | H84: 0.38169123 | I84: =(B84/('Consumidores Inadimplentes'!B120*1000000)) -> 0.030590391
A85: 45931 | B85: 2457003 | C85: 10299567 | D85: 21890868652 | E85: =IFERROR(C85/B85,"") -> 4.1919228 | F85: =IFERROR(D85/B85,"") -> 8909.5816 | G85: =IFERROR(F85/E85,"") -> 2125.4164 | H85: 0.38669637 | I85: =(B85/('Consumidores Inadimplentes'!B121*1000000)) -> 0.030545859
A86: 45962 | B86: 2463046 | C86: 10354831 | D86: 22185127209 | E86: =IFERROR(C86/B86,"") -> 4.2040754 | F86: =IFERROR(D86/B86,"") -> 9007.1916 | G86: =IFERROR(F86/E86,"") -> 2142.4905 | H86: 0.38709549 | I86: =(B86/('Consumidores Inadimplentes'!B122*1000000)) -> 0.030555143
A87: 45992 | B87: 2513090 | C87: 10860694 | D87: 22625901187 | E87: =IFERROR(C87/B87,"") -> 4.3216494 | F87: =IFERROR(D87/B87,"") -> 9003.2196 | G87: =IFERROR(F87/E87,"") -> 2083.2832 | H87: 0.39439808 | I87: =(B87/('Consumidores Inadimplentes'!B123*1000000)) -> 0.030931094
A88: 46023 | B88: 2529660 | C88: 10982365 | D88: 23323716682 | E88: =IFERROR(C88/B88,"") -> 4.3414392 | F88: =IFERROR(D88/B88,"") -> 9220.0994 | G88: =IFERROR(F88/E88,"") -> 2123.7426 | H88: 0.39643325 | I88: =(B88/('Consumidores Inadimplentes'!B124*1000000)) -> 0.031107732
A89: 46054 | B89: 2547876 | C89: 11148260 | D89: 23963581587 | E89: =IFERROR(C89/B89,"") -> 4.3755112 | F89: =IFERROR(D89/B89,"") -> 9405.3171 | G89: =IFERROR(F89/E89,"") -> 2149.5356 | H89: 0.3987194 | I89: =(B89/('Consumidores Inadimplentes'!B125*1000000)) -> 0.031173575
A90: 46082 | B90: 2588850 | C90: 11383798 | D90: 24838498416 | E90: =IFERROR(C90/B90,"") -> 4.3972412 | F90: =IFERROR(D90/B90,"") -> 9594.4139 | G90: =IFERROR(F90/E90,"") -> 2181.9167 | H90: 0.40455459 | I90: =(B90/('Consumidores Inadimplentes'!B126*1000000)) -> 0.03125404
A91: 46113 | B91: 2646279 | C91: 11664954 | D91: 25245566352 | E91: =IFERROR(C91/B91,"") -> 4.408059 | F91: =IFERROR(D91/B91,"") -> 9540.0244 | G91: =IFERROR(F91/E91,"") -> 2164.2234 | H91: 0.41294008 | I91: =(B91/('Consumidores Inadimplentes'!B127*1000000)) -> 0.031734077
A92: 46143 | B92: 2657862 | C92: 11729547 | D92: 25589357319 | E92: =IFERROR(C92/B92,"") -> 4.4131512 | F92: =IFERROR(D92/B92,"") -> 9627.7976 | G92: =IFERROR(F92/E92,"") -> 2181.6151 | H92: 0.41415699 | I92: =(B92/('Consumidores Inadimplentes'!B128*1000000)) -> 0.031829598
A93: 46174 | B93: 2673670 | C93: 11796286 | D93: 25844137543 | E93: =IFERROR(C93/B93,"") -> 4.4120202 | F93: =IFERROR(D93/B93,"") -> 9666.1658 | G93: =IFERROR(F93/E93,"") -> 2190.8707 | H93: 0.41602701 | I93: =(B93/('Consumidores Inadimplentes'!B129*1000000)) -> 0.031929148
A94: 46204 | B94: 2677402 | C94: 11850567 | D94: 26134270729 | E94: =IFERROR(C94/B94,"") -> 4.4261441 | F94: =IFERROR(D94/B94,"") -> 9761.056 | G94: =IFERROR(F94/E94,"") -> 2205.3182 | H94: 0.41601451 | I94: =(B94/('Consumidores Inadimplentes'!B130*1000000)) -> 0.031899688
A95: 46235
A96: 46266
A97: 46296
A98: 46327
A99: 46357

Sheet SE
A2: Indicador Serasa Experian de Inadimplência do Consumidor - Sergipe
A3: Mês | B3: Consumidores Inadimplentes | C3: Dívidas Negativadas | D3: Dívidas Negativadas (R$) | E3: Dívida Média (por CPF) | F3: Dívida Média (R$) | G3: Ticket Médio (R$) | H3: % da População Adulta | I3: % da População Inadimplente
A4: 43466 | B4: 689809 | C4: 1989760 | D4: 2.1247181e+09 | E4: =C4/B4 -> 2.8845086 | F4: =D4/B4 -> 3080.1543 | G4: =F4/E4 -> 1067.8263 | H4: 0.43097629 | I4: =(B4/('Consumidores Inadimplentes'!B40*1000000)) -> 0.011094388
A5: 43497 | B5: 691729 | C5: 1983417 | D5: 2.097489e+09 | E5: =C5/B5 -> 2.8673324 | F5: =D5/B5 -> 3032.2409 | G5: =F5/E5 -> 1057.5129 | H5: 0.43167454 | I5: =(B5/('Consumidores Inadimplentes'!B41*1000000)) -> 0.011125892
A6: 43525 | B6: 694573 | C6: 1987040 | D6: 2.1219779e+09 | E6: =C6/B6 -> 2.860808 | F6: =D6/B6 -> 3055.0826 | G6: =F6/E6 -> 1067.909 | H6: 0.43284116 | I6: =(B6/('Consumidores Inadimplentes'!B42*1000000)) -> 0.011031958
A7: 43556 | B7: 693974 | C7: 1980746 | D7: 2.1126655e+09 | E7: =C7/B7 -> 2.8542078 | F7: =D7/B7 -> 3044.3006 | G7: =F7/E7 -> 1066.6009 | H7: 0.43167066 | I7: =(B7/('Consumidores Inadimplentes'!B43*1000000)) -> 0.010979662
A8: 43586 | B8: 698756 | C8: 2022716 | D8: 2.122108e+09 | E8: =C8/B8 -> 2.8947386 | F8: =D8/B8 -> 3036.9801 | G8: =F8/E8 -> 1049.1379 | H8: 0.43195789 | I8: =(B8/('Consumidores Inadimplentes'!B44*1000000)) -> 0.011025802
A9: 43617 | B9: 716327 | C9: 2077965 | D9: 2.13602e+09 | E9: =C9/B9 -> 2.9008609 | F9: =D9/B9 -> 2981.9063 | G9: =F9/E9 -> 1027.9384 | H9: 0.44459207 | I9: =(B9/('Consumidores Inadimplentes'!B45*1000000)) -> 0.011289526
A10: 43647 | B10: 722581 | C10: 2082675 | D10: 2.1310918e+09 | E10: =C10/B10 -> 2.882272 | F10: =D10/B10 -> 2949.2774 | G10: =F10/E10 -> 1023.2474 | H10: 0.447753 | I10: =(B10/('Consumidores Inadimplentes'!B46*1000000)) -> 0.011385797
A11: 43678 | B11: 719863 | C11: 2093640 | D11: 2.1636194e+09 | E11: =C11/B11 -> 2.9083867 | F11: =D11/B11 -> 3005.5989 | G11: =F11/E11 -> 1033.4248 | H11: 0.44410959 | I11: =(B11/('Consumidores Inadimplentes'!B47*1000000)) -> 0.011349305
A12: 43709 | B12: 708150 | C12: 2056217 | D12: 2.1303274e+09 | E12: =C12/B12 -> 2.9036461 | F12: =D12/B12 -> 3008.2997 | G12: =F12/E12 -> 1036.0421 | H12: 0.43644048 | I12: =(B12/('Consumidores Inadimplentes'!B48*1000000)) -> 0.011203733
A13: 43739 | B13: 732617 | C13: 2134997 | D13: 2.1528446e+09 | E13: =C13/B13 -> 2.9142062 | F13: =D13/B13 -> 2938.5676 | G13: =F13/E13 -> 1008.3595 | H13: 0.45106218 | I13: =(B13/('Consumidores Inadimplentes'!B49*1000000)) -> 0.01147378
A14: 43770 | B14: 746398 | C14: 2292236 | D14: 2.1937499e+09 | E14: =C14/B14 -> 3.071064 | F14: =D14/B14 -> 2939.1154 | G14: =F14/E14 -> 957.03491 | H14: 0.45908115 | I14: =(B14/('Consumidores Inadimplentes'!B50*1000000)) -> 0.011691521
A15: 43800 | B15: 724358 | C15: 2255054 | D15: 2.1838658e+09 | E15: =C15/B15 -> 3.1131761 | F15: =D15/B15 -> 3014.8984 | G15: =F15/E15 -> 968.43171 | H15: 0.44507349 | I15: =(B15/('Consumidores Inadimplentes'!B51*1000000)) -> 0.011441927
... A83: 45870 | B83: 759873 | C83: 2286683 | D83: 3617762513 | E83: =C83/B83 -> 3.0092963 | F83: =D83/B83 -> 4761.0094 | G83: =F83/E83 -> 1582.1006 | H83: 0.43979248 | I83: =(B83/('Consumidores Inadimplentes'!B119*1000000)) -> 0.009637085
A84: 45901 | B84: 754003 | C84: 2249025 | D84: 3616726093 | E84: =IFERROR(C84/B84,"") -> 2.9827799 | F84: =IFERROR(D84/B84,"") -> 4796.6999 | G84: =IFERROR(F84/E84,"") -> 1608.1307 | H84: 0.43603144 | I84: =(B84/('Consumidores Inadimplentes'!B120*1000000)) -> 0.0095242141
A85: 45931 | B85: 769628 | C85: 2312837 | D85: 3711463125 | E85: =IFERROR(C85/B85,"") -> 3.0051362 | F85: =IFERROR(D85/B85,"") -> 4822.4118 | G85: =IFERROR(F85/E85,"") -> 1604.7232 | H85: 0.44469637 | I85: =(B85/('Consumidores Inadimplentes'!B121*1000000)) -> 0.00956814
A86: 45962 | B86: 760827 | C86: 2266228 | D86: 3682449308 | E86: =IFERROR(C86/B86,"") -> 2.9786377 | F86: =IFERROR(D86/B86,"") -> 4840.0613 | G86: =IFERROR(F86/E86,"") -> 1624.9245 | H86: 0.4392446 | I86: =(B86/('Consumidores Inadimplentes'!B122*1000000)) -> 0.0094383856
A87: 45992 | B87: 763462 | C87: 2260056 | D87: 3669420657 | E87: =IFERROR(C87/B87,"") -> 2.9602731 | F87: =IFERROR(D87/B87,"") -> 4806.2912 | G87: =IFERROR(F87/E87,"") -> 1623.5972 | H87: 0.44039846 | I87: =(B87/('Consumidores Inadimplentes'!B123*1000000)) -> 0.0093966848
A88: 46023 | B88: 757131 | C88: 2231949 | D88: 3601775839 | E88: =IFERROR(C88/B88,"") -> 2.9479033 | F88: =IFERROR(D88/B88,"") -> 4757.1369 | G88: =IFERROR(F88/E88,"") -> 1613.7357 | H88: 0.43638247 | I88: =(B88/('Consumidores Inadimplentes'!B124*1000000)) -> 0.0093105904
A89: 46054 | B89: 763142 | C89: 2271291 | D89: 3698054229 | E89: =IFERROR(C89/B89,"") -> 2.9762364 | F89: =IFERROR(D89/B89,"") -> 4845.8272 | G89: =IFERROR(F89/E89,"") -> 1628.1728 | H89: 0.43948046 | I89: =(B89/('Consumidores Inadimplentes'!B125*1000000)) -> 0.0093371358
A90: 46082 | B90: 778384 | C90: 2344168 | D90: 3823133068 | E90: =IFERROR(C90/B90,"") -> 3.011583 | F90: =IFERROR(D90/B90,"") -> 4911.6285 | G90: =IFERROR(F90/E90,"") -> 1630.9126 | H90: 0.44788459 | I90: =(B90/('Consumidores Inadimplentes'!B126*1000000)) -> 0.0093970855
A91: 46113 | B91: 789295 | C91: 2430311 | D91: 3932307693 | E91: =IFERROR(C91/B91,"") -> 3.0790908 | F91: =IFERROR(D91/B91,"") -> 4982.0507 | G91: =IFERROR(F91/E91,"") -> 1618.0265 | H91: 0.4537842 | I91: =(B91/('Consumidores Inadimplentes'!B127*1000000)) -> 0.0094651954
A92: 46143 | B92: 793166 | C92: 2463472 | D92: 3988100408 | E92: =IFERROR(C92/B92,"") -> 3.1058719 | F92: =IFERROR(D92/B92,"") -> 5028.0779 | G92: =IFERROR(F92/E92,"") -> 1618.8941 | H92: 0.45562964 | I92: =(B92/('Consumidores Inadimplentes'!B128*1000000)) -> 0.0094986703
A93: 46174 | B93: 798573 | C93: 2478373 | D93: 3999737270 | E93: =IFERROR(C93/B93,"") -> 3.1035021 | F93: =IFERROR(D93/B93,"") -> 5008.6057 | G93: =IFERROR(F93/E93,"") -> 1613.8561 | H93: 0.45835335 | I93: =(B93/('Consumidores Inadimplentes'!B129*1000000)) -> 0.0095366128
A94: 46204 | B94: 796076 | C94: 2495659 | D94: 4068605927 | E94: =IFERROR(C94/B94,"") -> 3.1349507 | F94: =IFERROR(D94/B94,"") -> 5110.826 | G94: =IFERROR(F94/E94,"") -> 1630.2732 | H94: 0.45653942 | I94: =(B94/('Consumidores Inadimplentes'!B130*1000000)) -> 0.0094847827
A95: 46235
A96: 46266
A97: 46296
A98: 46327
A99: 46357

Sheet SP
A2: Indicador Serasa Experian de Inadimplência do Consumidor - São Paulo
A3: Mês | B3: Consumidores Inadimplentes | C3: Dívidas Negativadas | D3: Dívidas Negativadas (R$) | E3: Dívida Média (por CPF) | F3: Dívida Média (R$) | G3: Ticket Médio (R$) | H3: % da População Adulta | I3: % da População Inadimplente
A4: 43466 | B4: 15019130 | C4: 59306830 | D4: 6.9358359e+10 | E4: =C4/B4 -> 3.9487527 | F4: =D4/B4 -> 4618.0011 | G4: =F4/E4 -> 1169.4835 | H4: 0.4379484 | I4: =(B4/('Consumidores Inadimplentes'!B40*1000000)) -> 0.24155681
A5: 43497 | B5: 15030922 | C5: 59270675 | D5: 6.9229509e+10 | E5: =C5/B5 -> 3.9432495 | F5: =D5/B5 -> 4605.8059 | G5: =F5/E5 -> 1168.023 | H5: 0.43786402 | I5: =(B5/('Consumidores Inadimplentes'!B41*1000000)) -> 0.24176002
A6: 43525 | B6: 15254064 | C6: 60110185 | D6: 7.0711114e+10 | E6: =C6/B6 -> 3.9406013 | F6: =D6/B6 -> 4635.559 | G6: =F6/E6 -> 1176.3583 | H6: 0.44384132 | I6: =(B6/('Consumidores Inadimplentes'!B42*1000000)) -> 0.24228152
A7: 43556 | B7: 15365453 | C7: 59965681 | D7: 7.0234231e+10 | E7: =C7/B7 -> 3.9026302 | F7: =D7/B7 -> 4570.9183 | G7: =F7/E7 -> 1171.2404 | H7: 0.44631957 | I7: =(B7/('Consumidores Inadimplentes'!B43*1000000)) -> 0.24310347
A8: 43586 | B8: 15243979 | C8: 59127666 | D8: 7.0692864e+10 | E8: =C8/B8 -> 3.8787554 | F8: =D8/B8 -> 4637.4286 | G8: =F8/E8 -> 1195.5971 | H8: 0.4391012 | I8: =(B8/('Consumidores Inadimplentes'!B44*1000000)) -> 0.2405376
A9: 43617 | B9: 15345190 | C9: 59355082 | D9: 7.1008325e+10 | E9: =C9/B9 -> 3.8679926 | F9: =D9/B9 -> 4627.3995 | G9: =F9/E9 -> 1196.331 | H9: 0.44733798 | I9: =(B9/('Consumidores Inadimplentes'!B45*1000000)) -> 0.24184475
A10: 43647 | B10: 15305221 | C10: 59172511 | D10: 7.0995284e+10 | E10: =C10/B10 -> 3.8661651 | F10: =D10/B10 -> 4638.6317 | G10: =F10/E10 -> 1199.8018 | H10: 0.44571749 | I10: =(B10/('Consumidores Inadimplentes'!B46*1000000)) -> 0.24116623
A11: 43678 | B11: 15247004 | C11: 59092786 | D11: 7.1637979e+10 | E11: =C11/B11 -> 3.8756982 | F11: =D11/B11 -> 4698.4955 | G11: =F11/E11 -> 1212.2965 | H11: 0.44381774 | I11: =(B11/('Consumidores Inadimplentes'!B47*1000000)) -> 0.24038309
A12: 43709 | B12: 15240184 | C12: 58404687 | D12: 7.0418775e+10 | E12: =C12/B12 -> 3.8322823 | F12: =D12/B12 -> 4620.5988 | G12: =F12/E12 -> 1205.7042 | H12: 0.44329274 | I12: =(B12/('Consumidores Inadimplentes'!B48*1000000)) -> 0.24111694
A13: 43739 | B13: 15320062 | C13: 58743801 | D13: 7.1148918e+10 | E13: =C13/B13 -> 3.8344362 | F13: =D13/B13 -> 4644.1665 | G13: =F13/E13 -> 1211.1732 | H13: 0.44528821 | I13: =(B13/('Consumidores Inadimplentes'!B49*1000000)) -> 0.23993303
A14: 43770 | B14: 15346815 | C14: 58590792 | D14: 7.1581099e+10 | E14: =C14/B14 -> 3.8177819 | F14: =D14/B14 -> 4664.2316 | G14: =F14/E14 -> 1221.7124 | H14: 0.44573752 | I14: =(B14/('Consumidores Inadimplentes'!B50*1000000)) -> 0.24039133
A15: 43800 | B15: 15246859 | C15: 58273457 | D15: 7.1049759e+10 | E15: =C15/B15 -> 3.8219975 | F15: =D15/B15 -> 4659.9604 | G15: =F15/E15 -> 1219.2474 | H15: 0.44250847 | I15: =(B15/('Consumidores Inadimplentes'!B51*1000000)) -> 0.24083871
... A83: 45870 | B83: 18586488 | C83: 88500983 | D83: 133401598676 | E83: =C83/B83 -> 4.7615764 | F83: =D83/B83 -> 7177.343 | G83: =F83/E83 -> 1507.346 | H83: 0.51884473 | I83: =(B83/('Consumidores Inadimplentes'!B119*1000000)) -> 0.23572303
A84: 45901 | B84: 18641968 | C84: 88384026 | D84: 133764738723 | E84: =IFERROR(C84/B84,"") -> 4.7411317 | F84: =IFERROR(D84/B84,"") -> 7175.4623 | G84: =IFERROR(F84/E84,"") -> 1513.4493 | H84: 0.52011558 | I84: =(B84/('Consumidores Inadimplentes'!B120*1000000)) -> 0.23547664
A85: 45931 | B85: 18876552 | C85: 90753312 | D85: 137338604409 | E85: =IFERROR(C85/B85,"") -> 4.8077272 | F85: =IFERROR(D85/B85,"") -> 7275.6192 | G85: =IFERROR(F85/E85,"") -> 1513.3178 | H85: 0.52637929 | I85: =(B85/('Consumidores Inadimplentes'!B121*1000000)) -> 0.23467635
A86: 45962 | B86: 19309886 | C86: 92334325 | D86: 138821043751 | E86: =IFERROR(C86/B86,"") -> 4.7817126 | F86: =IFERROR(D86/B86,"") -> 7189.1177 | G86: =IFERROR(F86/E86,"") -> 1503.4609 | H86: 0.53817542 | I86: =(B86/('Consumidores Inadimplentes'!B122*1000000)) -> 0.23954743
A87: 45992 | B87: 19468780 | C87: 92923845 | D87: 140428878553 | E87: =IFERROR(C87/B87,"") -> 4.772967 | F87: =IFERROR(D87/B87,"") -> 7213.0292 | G87: =IFERROR(F87/E87,"") -> 1511.2254 | H87: 0.54231413 | I87: =(B87/('Consumidores Inadimplentes'!B123*1000000)) -> 0.23962161
A88: 46023 | B88: 19701978 | C88: 95682132 | D88: 144772848283 | E88: =IFERROR(C88/B88,"") -> 4.8564734 | F88: =IFERROR(D88/B88,"") -> 7348.1377 | G88: =IFERROR(F88/E88,"") -> 1513.0604 | H88: 0.54851694 | I88: =(B88/('Consumidores Inadimplentes'!B124*1000000)) -> 0.24227914
A89: 46054 | B89: 19788078 | C89: 97367810 | D89: 148667133006 | E89: =IFERROR(C89/B89,"") -> 4.9205289 | F89: =IFERROR(D89/B89,"") -> 7512.9648 | G89: =IFERROR(F89/E89,"") -> 1526.8612 | H89: 0.55061983 | I89: =(B89/('Consumidores Inadimplentes'!B125*1000000)) -> 0.24210956
A90: 46082 | B90: 19978502 | C90: 98276898 | D90: 152794110248 | E90: =IFERROR(C90/B90,"") -> 4.9191325 | F90: =IFERROR(D90/B90,"") -> 7647.9263 | G90: =IFERROR(F90/E90,"") -> 1554.7307 | H90: 0.55562168 | I90: =(B90/('Consumidores Inadimplentes'!B126*1000000)) -> 0.24119161
A91: 46113 | B91: 20092080 | C91: 99333012 | D91: 155912322657 | E91: =IFERROR(C91/B91,"") -> 4.9438889 | F91: =IFERROR(D91/B91,"") -> 7759.8896 | G91: =IFERROR(F91/E91,"") -> 1569.5922 | H91: 0.55848201 | I91: =(B91/('Consumidores Inadimplentes'!B127*1000000)) -> 0.24094345
A92: 46143 | B92: 20032058 | C92: 99333371 | D92: 157275686215 | E92: =IFERROR(C92/B92,"") -> 4.9587202 | F92: =IFERROR(D92/B92,"") -> 7851.1996 | G92: =IFERROR(F92/E92,"") -> 1583.3117 | H92: 0.5565163 | I92: =(B92/('Consumidores Inadimplentes'!B128*1000000)) -> 0.23989671
A93: 46174 | B93: 20138031 | C93: 99964378 | D93: 158758298158 | E93: =IFERROR(C93/B93,"") -> 4.9639599 | F93: =IFERROR(D93/B93,"") -> 7883.5065 | G93: =IFERROR(F93/E93,"") -> 1588.1487 | H93: 0.55916161 | I93: =(B93/('Consumidores Inadimplentes'!B129*1000000)) -> 0.24048973
A94: 46204 | B94: 20194638 | C94: 100977522 | D94: 160562573473 | E94: =IFERROR(C94/B94,"") -> 5.0002145 | F94: =IFERROR(D94/B94,"") -> 7950.7527 | G94: =IFERROR(F94/E94,"") -> 1590.0823 | H94: 0.56043397 | I94: =(B94/('Consumidores Inadimplentes'!B130*1000000)) -> 0.24060737
A95: 46235
A96: 46266
A97: 46296
A98: 46327
A99: 46357

Sheet TO
A2: Indicador Serasa Experian de Inadimplência do Consumidor - Tocantins
A3: Mês | B3: Consumidores Inadimplentes | C3: Dívidas Negativadas | D3: Dívidas Negativadas (R$) | E3: Dívida Média (por CPF) | F3: Dívida Média (R$) | G3: Ticket Médio (R$) | H3: % da População Adulta | I3: % da População Inadimplente
A4: 43466 | B4: 499464 | C4: 2099926 | D4: 1.8908557e+09 | E4: =C4/B4 -> 4.2043591 | F4: =D4/B4 -> 3785.7698 | G4: =F4/E4 -> 900.43921 | H4: 0.46718939 | I4: =(B4/('Consumidores Inadimplentes'!B40*1000000)) -> 0.0080330172
A5: 43497 | B5: 494532 | C5: 2075539 | D5: 1.8637056e+09 | E5: =C5/B5 -> 4.1969761 | F5: =D5/B5 -> 3768.6249 | G5: =F5/E5 -> 897.93812 | H5: 0.46190554 | I5: =(B5/('Consumidores Inadimplentes'!B41*1000000)) -> 0.0079541404
A6: 43525 | B6: 500431 | C6: 2091956 | D6: 1.8921177e+09 | E6: =C6/B6 -> 4.1803086 | F6: =D6/B6 -> 3780.9761 | G6: =F6/E6 -> 904.47297 | H6: 0.46655934 | I6: =(B6/('Consumidores Inadimplentes'!B42*1000000)) -> 0.0079483856
A7: 43556 | B7: 497492 | C7: 2096764 | D7: 1.9442366e+09 | E7: =C7/B7 -> 4.2146688 | F7: =D7/B7 -> 3908.0762 | G7: =F7/E7 -> 927.25582 | H7: 0.46287845 | I7: =(B7/('Consumidores Inadimplentes'!B43*1000000)) -> 0.0078710358
A8: 43586 | B8: 501761 | C8: 2107911 | D8: 1.9584165e+09 | E8: =C8/B8 -> 4.201026 | F8: =D8/B8 -> 3903.0863 | G8: =F8/E8 -> 929.0793 | H8: 0.46373028 | I8: =(B8/('Consumidores Inadimplentes'!B44*1000000)) -> 0.0079173809
A9: 43617 | B9: 495552 | C9: 2056814 | D9: 1.9617999e+09 | E9: =C9/B9 -> 4.1505513 | F9: =D9/B9 -> 3958.8174 | G9: =F9/E9 -> 953.80519 | H9: 0.46052305 | I9: =(B9/('Consumidores Inadimplentes'!B45*1000000)) -> 0.0078100467
A10: 43647 | B10: 501209 | C10: 2082144 | D10: 1.9646909e+09 | E10: =C10/B10 -> 4.154243 | F10: =D10/B10 -> 3919.9035 | G10: =F10/E10 -> 943.59033 | H10: 0.4643819 | I10: =(B10/('Consumidores Inadimplentes'!B46*1000000)) -> 0.0078976111
A11: 43678 | B11: 500455 | C11: 2104277 | D11: 1.9733009e+09 | E11: =C11/B11 -> 4.2047277 | F11: =D11/B11 -> 3943.0137 | G11: =F11/E11 -> 937.7572 | H11: 0.46548238 | I11: =(B11/('Consumidores Inadimplentes'!B47*1000000)) -> 0.007890135
A12: 43709 | B12: 505881 | C12: 2134707 | D12: 1.9598503e+09 | E12: =C12/B12 -> 4.2197809 | F12: =D12/B12 -> 3874.1331 | G12: =F12/E12 -> 918.08867 | H12: 0.46996225 | I12: =(B12/('Consumidores Inadimplentes'!B48*1000000)) -> 0.0080036092
A13: 43739 | B13: 507527 | C13: 2140472 | D13: 1.9748452e+09 | E13: =C13/B13 -> 4.2174544 | F13: =D13/B13 -> 3891.1136 | G13: =F13/E13 -> 922.62136 | H13: 0.47092309 | I13: =(B13/('Consumidores Inadimplentes'!B49*1000000)) -> 0.0079485637
A14: 43770 | B14: 511938 | C14: 2147354 | D14: 1.9555909e+09 | E14: =C14/B14 -> 4.1945587 | F14: =D14/B14 -> 3819.9761 | G14: =F14/E14 -> 910.69796 | H14: 0.47444367 | I14: =(B14/('Consumidores Inadimplentes'!B50*1000000)) -> 0.0080189574
A15: 43800 | B15: 503503 | C15: 2098052 | D15: 1.9585428e+09 | E15: =C15/B15 -> 4.1669106 | F15: =D15/B15 -> 3889.8335 | G15: =F15/E15 -> 933.50538 | H15: 0.46606407 | I15: =(B15/('Consumidores Inadimplentes'!B51*1000000)) -> 0.0079533112
... A83: 45870 | B83: 602241 | C83: 2373057 | D83: 3518476778 | E83: =C83/B83 -> 3.9403777 | F83: =D83/B83 -> 5842.3069 | G83: =F83/E83 -> 1482.6769 | H83: 0.52014676 | I83: =(B83/('Consumidores Inadimplentes'!B119*1000000)) -> 0.007637918
A84: 45901 | B84: 606158 | C84: 2379231 | D84: 3551038856 | E84: =IFERROR(C84/B84,"") -> 3.9251004 | F84: =IFERROR(D84/B84,"") -> 5858.2727 | G84: =IFERROR(F84/E84,"") -> 1492.5154 | H84: 0.52303335 | I84: =(B84/('Consumidores Inadimplentes'!B120*1000000)) -> 0.007656705
A85: 45931 | B85: 615020 | C85: 2449919 | D85: 3631210311 | E85: =IFERROR(C85/B85,"") -> 3.9834786 | F85: =IFERROR(D85/B85,"") -> 5904.215 | G85: =IFERROR(F85/E85,"") -> 1482.1757 | H85: 0.53017686 | I85: =(B85/('Consumidores Inadimplentes'!B121*1000000)) -> 0.0076460283
A86: 45962 | B86: 626995 | C86: 2572209 | D86: 3736553762 | E86: =IFERROR(C86/B86,"") -> 4.1024394 | F86: =IFERROR(D86/B86,"") -> 5959.4634 | G86: =IFERROR(F86/E86,"") -> 1452.6634 | H86: 0.53998737 | I86: =(B86/('Consumidores Inadimplentes'!B122*1000000)) -> 0.0077781422
A87: 45992 | B87: 632545 | C87: 2629215 | D87: 3797223496 | E87: =IFERROR(C87/B87,"") -> 4.1565659 | F87: =IFERROR(D87/B87,"") -> 6003.0883 | G87: =IFERROR(F87/E87,"") -> 1444.2423 | H87: 0.54425067 | I87: =(B87/('Consumidores Inadimplentes'!B123*1000000)) -> 0.0077853593
A88: 46023 | B88: 639686 | C88: 2668521 | D88: 3869523891 | E88: =IFERROR(C88/B88,"") -> 4.1716108 | F88: =IFERROR(D88/B88,"") -> 6049.0989 | G88: =IFERROR(F88/E88,"") -> 1450.0631 | H88: 0.54987304 | I88: =(B88/('Consumidores Inadimplentes'!B124*1000000)) -> 0.0078663459
A89: 46054 | B89: 641545 | C89: 2636740 | D89: 3950142231 | E89: =IFERROR(C89/B89,"") -> 4.1099845 | F89: =IFERROR(D89/B89,"") -> 6157.2333 | G89: =IFERROR(F89/E89,"") -> 1498.1159 | H89: 0.55094818 | I89: =(B89/('Consumidores Inadimplentes'!B125*1000000)) -> 0.0078493816
A90: 46082 | B90: 651433 | C90: 2711664 | D90: 4134086837 | E90: =IFERROR(C90/B90,"") -> 4.1626138 | F90: =IFERROR(D90/B90,"") -> 6346.1428 | G90: =IFERROR(F90/E90,"") -> 1524.5572 | H90: 0.55890945 | I90: =(B90/('Consumidores Inadimplentes'!B126*1000000)) -> 0.0078644623
A91: 46113 | B91: 656428 | C91: 2775802 | D91: 4266542235 | E91: =IFERROR(C91/B91,"") -> 4.2286466 | F91: =IFERROR(D91/B91,"") -> 6499.6347 | G91: =IFERROR(F91/E91,"") -> 1537.0485 | H91: 0.56266061 | I91: =(B91/('Consumidores Inadimplentes'!B127*1000000)) -> 0.0078718595
A92: 46143 | B92: 657476 | C92: 2831044 | D92: 4341649984 | E92: =IFERROR(C92/B92,"") -> 4.3059275 | F92: =IFERROR(D92/B92,"") -> 6603.511 | G92: =IFERROR(F92/E92,"") -> 1533.5862 | H92: 0.56302419 | I92: =(B92/('Consumidores Inadimplentes'!B128*1000000)) -> 0.0078736957
A93: 46174 | B93: 661098 | C93: 2892186 | D93: 4469166398 | E93: =IFERROR(C93/B93,"") -> 4.3748219 | F93: =IFERROR(D93/B93,"") -> 6760.2177 | G93: =IFERROR(F93/E93,"") -> 1545.2555 | H93: 0.56558873 | I93: =(B93/('Consumidores Inadimplentes'!B129*1000000)) -> 0.007894877
A94: 46204 | B94: 662268 | C94: 2946224 | D94: 4568869832 | E94: =IFERROR(C94/B94,"") -> 4.4486884 | F94: =IFERROR(D94/B94,"") -> 6898.8232 | G94: =IFERROR(F94/E94,"") -> 1550.7544 | H94: 0.56605167 | I94: =(B94/('Consumidores Inadimplentes'!B130*1000000)) -> 0.0078905381
A95: 46235
A96: 46266
A97: 46296
A98: 46327
A99: 46357
